,Interval Index,LMP,UTC timestamp,ba_name,freq,market
0,1.0,37.30667,2018-01-01 08:00:00+00:00,CAISO,hourly,DAM
1,2.0,35.58244,2018-01-01 09:00:00+00:00,CAISO,hourly,DAM
2,3.0,33.63324,2018-01-01 10:00:00+00:00,CAISO,hourly,DAM
3,4.0,32.38973,2018-01-01 11:00:00+00:00,CAISO,hourly,DAM
4,5.0,32.47307,2018-01-01 12:00:00+00:00,CAISO,hourly,DAM
5,6.0,33.90838,2018-01-01 13:00:00+00:00,CAISO,hourly,DAM
6,7.0,35.50147,2018-01-01 14:00:00+00:00,CAISO,hourly,DAM
7,8.0,34.86829,2018-01-01 15:00:00+00:00,CAISO,hourly,DAM
8,9.0,31.01033,2018-01-01 16:00:00+00:00,CAISO,hourly,DAM
9,10.0,26.6732,2018-01-01 17:00:00+00:00,CAISO,hourly,DAM
10,11.0,25.08738,2018-01-01 18:00:00+00:00,CAISO,hourly,DAM
11,12.0,24.17956,2018-01-01 19:00:00+00:00,CAISO,hourly,DAM
12,13.0,23.18217,2018-01-01 20:00:00+00:00,CAISO,hourly,DAM
13,14.0,24.26872,2018-01-01 21:00:00+00:00,CAISO,hourly,DAM
14,15.0,26.87774,2018-01-01 22:00:00+00:00,CAISO,hourly,DAM
15,16.0,32.40906,2018-01-01 23:00:00+00:00,CAISO,hourly,DAM
16,17.0,38.62104,2018-01-02 00:00:00+00:00,CAISO,hourly,DAM
17,18.0,50.02673,2018-01-02 01:00:00+00:00,CAISO,hourly,DAM
18,19.0,48.67069,2018-01-02 02:00:00+00:00,CAISO,hourly,DAM
19,20.0,50.42254,2018-01-02 03:00:00+00:00,CAISO,hourly,DAM
20,21.0,42.92468,2018-01-02 04:00:00+00:00,CAISO,hourly,DAM
21,22.0,40.38621,2018-01-02 05:00:00+00:00,CAISO,hourly,DAM
22,23.0,38.22227,2018-01-02 06:00:00+00:00,CAISO,hourly,DAM
23,24.0,35.82086,2018-01-02 07:00:00+00:00,CAISO,hourly,DAM
24,1.0,36.00934,2018-01-02 08:00:00+00:00,CAISO,hourly,DAM
25,2.0,35.0283,2018-01-02 09:00:00+00:00,CAISO,hourly,DAM
26,3.0,34.2767,2018-01-02 10:00:00+00:00,CAISO,hourly,DAM
27,4.0,33.36301,2018-01-02 11:00:00+00:00,CAISO,hourly,DAM
28,5.0,34.97884,2018-01-02 12:00:00+00:00,CAISO,hourly,DAM
29,6.0,36.6812,2018-01-02 13:00:00+00:00,CAISO,hourly,DAM
30,7.0,43.08137,2018-01-02 14:00:00+00:00,CAISO,hourly,DAM
31,8.0,48.9031,2018-01-02 15:00:00+00:00,CAISO,hourly,DAM
32,9.0,38.34574,2018-01-02 16:00:00+00:00,CAISO,hourly,DAM
33,10.0,35.35121,2018-01-02 17:00:00+00:00,CAISO,hourly,DAM
34,11.0,33.6376,2018-01-02 18:00:00+00:00,CAISO,hourly,DAM
35,12.0,32.81087,2018-01-02 19:00:00+00:00,CAISO,hourly,DAM
36,13.0,32.91367,2018-01-02 20:00:00+00:00,CAISO,hourly,DAM
37,14.0,34.43417,2018-01-02 21:00:00+00:00,CAISO,hourly,DAM
38,15.0,34.84049,2018-01-02 22:00:00+00:00,CAISO,hourly,DAM
39,16.0,38.81431,2018-01-02 23:00:00+00:00,CAISO,hourly,DAM
40,17.0,42.92738,2018-01-03 00:00:00+00:00,CAISO,hourly,DAM
41,18.0,60.3493,2018-01-03 01:00:00+00:00,CAISO,hourly,DAM
42,19.0,57.88938,2018-01-03 02:00:00+00:00,CAISO,hourly,DAM
43,20.0,48.73817,2018-01-03 03:00:00+00:00,CAISO,hourly,DAM
44,21.0,43.41792,2018-01-03 04:00:00+00:00,CAISO,hourly,DAM
45,22.0,41.68927,2018-01-03 05:00:00+00:00,CAISO,hourly,DAM
46,23.0,39.1092,2018-01-03 06:00:00+00:00,CAISO,hourly,DAM
47,24.0,36.20544,2018-01-03 07:00:00+00:00,CAISO,hourly,DAM
48,1.0,35.66614,2018-01-03 08:00:00+00:00,CAISO,hourly,DAM
49,2.0,35.04027,2018-01-03 09:00:00+00:00,CAISO,hourly,DAM
50,3.0,33.52091,2018-01-03 10:00:00+00:00,CAISO,hourly,DAM
51,4.0,33.37511,2018-01-03 11:00:00+00:00,CAISO,hourly,DAM
52,5.0,34.84785,2018-01-03 12:00:00+00:00,CAISO,hourly,DAM
53,6.0,40.03422,2018-01-03 13:00:00+00:00,CAISO,hourly,DAM
54,7.0,46.95896,2018-01-03 14:00:00+00:00,CAISO,hourly,DAM
55,8.0,46.81629,2018-01-03 15:00:00+00:00,CAISO,hourly,DAM
56,9.0,39.26796,2018-01-03 16:00:00+00:00,CAISO,hourly,DAM
57,10.0,36.04541,2018-01-03 17:00:00+00:00,CAISO,hourly,DAM
58,11.0,33.74535,2018-01-03 18:00:00+00:00,CAISO,hourly,DAM
59,12.0,33.38903,2018-01-03 19:00:00+00:00,CAISO,hourly,DAM
60,13.0,33.18397,2018-01-03 20:00:00+00:00,CAISO,hourly,DAM
61,14.0,35.52989,2018-01-03 21:00:00+00:00,CAISO,hourly,DAM
62,15.0,36.49804,2018-01-03 22:00:00+00:00,CAISO,hourly,DAM
63,16.0,38.82396,2018-01-03 23:00:00+00:00,CAISO,hourly,DAM
64,17.0,48.63566,2018-01-04 00:00:00+00:00,CAISO,hourly,DAM
65,18.0,71.59789,2018-01-04 01:00:00+00:00,CAISO,hourly,DAM
66,19.0,58.17245,2018-01-04 02:00:00+00:00,CAISO,hourly,DAM
67,20.0,53.50276,2018-01-04 03:00:00+00:00,CAISO,hourly,DAM
68,21.0,51.74357,2018-01-04 04:00:00+00:00,CAISO,hourly,DAM
69,22.0,45.43765,2018-01-04 05:00:00+00:00,CAISO,hourly,DAM
70,23.0,46.08916,2018-01-04 06:00:00+00:00,CAISO,hourly,DAM
71,24.0,40.19064,2018-01-04 07:00:00+00:00,CAISO,hourly,DAM
72,1.0,37.62777,2018-01-04 08:00:00+00:00,CAISO,hourly,DAM
73,2.0,35.6227,2018-01-04 09:00:00+00:00,CAISO,hourly,DAM
74,3.0,34.91749,2018-01-04 10:00:00+00:00,CAISO,hourly,DAM
75,4.0,34.2077,2018-01-04 11:00:00+00:00,CAISO,hourly,DAM
76,5.0,36.29508,2018-01-04 12:00:00+00:00,CAISO,hourly,DAM
77,6.0,41.50588,2018-01-04 13:00:00+00:00,CAISO,hourly,DAM
78,7.0,53.06328,2018-01-04 14:00:00+00:00,CAISO,hourly,DAM
79,8.0,47.07731,2018-01-04 15:00:00+00:00,CAISO,hourly,DAM
80,9.0,36.78197,2018-01-04 16:00:00+00:00,CAISO,hourly,DAM
81,10.0,33.1121,2018-01-04 17:00:00+00:00,CAISO,hourly,DAM
82,11.0,30.11759,2018-01-04 18:00:00+00:00,CAISO,hourly,DAM
83,12.0,29.7551,2018-01-04 19:00:00+00:00,CAISO,hourly,DAM
84,13.0,29.8968,2018-01-04 20:00:00+00:00,CAISO,hourly,DAM
85,14.0,30.21659,2018-01-04 21:00:00+00:00,CAISO,hourly,DAM
86,15.0,31.1575,2018-01-04 22:00:00+00:00,CAISO,hourly,DAM
87,16.0,36.35697,2018-01-04 23:00:00+00:00,CAISO,hourly,DAM
88,17.0,47.90924,2018-01-05 00:00:00+00:00,CAISO,hourly,DAM
89,18.0,68.01335,2018-01-05 01:00:00+00:00,CAISO,hourly,DAM
90,19.0,63.78982,2018-01-05 02:00:00+00:00,CAISO,hourly,DAM
91,20.0,51.79827,2018-01-05 03:00:00+00:00,CAISO,hourly,DAM
92,21.0,46.67828,2018-01-05 04:00:00+00:00,CAISO,hourly,DAM
93,22.0,43.8382,2018-01-05 05:00:00+00:00,CAISO,hourly,DAM
94,23.0,44.88151,2018-01-05 06:00:00+00:00,CAISO,hourly,DAM
95,24.0,40.12741,2018-01-05 07:00:00+00:00,CAISO,hourly,DAM
96,1.0,30.79937,2018-01-05 08:00:00+00:00,CAISO,hourly,DAM
97,2.0,29.90928,2018-01-05 09:00:00+00:00,CAISO,hourly,DAM
98,3.0,29.94304,2018-01-05 10:00:00+00:00,CAISO,hourly,DAM
99,4.0,29.95501,2018-01-05 11:00:00+00:00,CAISO,hourly,DAM
100,5.0,29.8182,2018-01-05 12:00:00+00:00,CAISO,hourly,DAM
101,6.0,34.21252,2018-01-05 13:00:00+00:00,CAISO,hourly,DAM
102,7.0,42.54618,2018-01-05 14:00:00+00:00,CAISO,hourly,DAM
103,8.0,44.10238,2018-01-05 15:00:00+00:00,CAISO,hourly,DAM
104,9.0,35.65195,2018-01-05 16:00:00+00:00,CAISO,hourly,DAM
105,10.0,29.35321,2018-01-05 17:00:00+00:00,CAISO,hourly,DAM
106,11.0,27.6619,2018-01-05 18:00:00+00:00,CAISO,hourly,DAM
107,12.0,27.34464,2018-01-05 19:00:00+00:00,CAISO,hourly,DAM
108,13.0,27.86957,2018-01-05 20:00:00+00:00,CAISO,hourly,DAM
109,14.0,28.93369,2018-01-05 21:00:00+00:00,CAISO,hourly,DAM
110,15.0,31.18089,2018-01-05 22:00:00+00:00,CAISO,hourly,DAM
111,16.0,35.62148,2018-01-05 23:00:00+00:00,CAISO,hourly,DAM
112,17.0,43.36033,2018-01-06 00:00:00+00:00,CAISO,hourly,DAM
113,18.0,45.66709,2018-01-06 01:00:00+00:00,CAISO,hourly,DAM
114,19.0,52.47531,2018-01-06 02:00:00+00:00,CAISO,hourly,DAM
115,20.0,45.27663,2018-01-06 03:00:00+00:00,CAISO,hourly,DAM
116,21.0,43.5447,2018-01-06 04:00:00+00:00,CAISO,hourly,DAM
117,22.0,38.06025,2018-01-06 05:00:00+00:00,CAISO,hourly,DAM
118,23.0,36.15959,2018-01-06 06:00:00+00:00,CAISO,hourly,DAM
119,24.0,33.7181,2018-01-06 07:00:00+00:00,CAISO,hourly,DAM
120,1.0,30.48074,2018-01-06 08:00:00+00:00,CAISO,hourly,DAM
121,2.0,30.33286,2018-01-06 09:00:00+00:00,CAISO,hourly,DAM
122,3.0,29.52977,2018-01-06 10:00:00+00:00,CAISO,hourly,DAM
123,4.0,29.37417,2018-01-06 11:00:00+00:00,CAISO,hourly,DAM
124,5.0,29.12985,2018-01-06 12:00:00+00:00,CAISO,hourly,DAM
125,6.0,29.56985,2018-01-06 13:00:00+00:00,CAISO,hourly,DAM
126,7.0,31.0151,2018-01-06 14:00:00+00:00,CAISO,hourly,DAM
127,8.0,31.38455,2018-01-06 15:00:00+00:00,CAISO,hourly,DAM
128,9.0,30.5267,2018-01-06 16:00:00+00:00,CAISO,hourly,DAM
129,10.0,29.53436,2018-01-06 17:00:00+00:00,CAISO,hourly,DAM
130,11.0,28.02828,2018-01-06 18:00:00+00:00,CAISO,hourly,DAM
131,12.0,25.31159,2018-01-06 19:00:00+00:00,CAISO,hourly,DAM
132,13.0,24.56719,2018-01-06 20:00:00+00:00,CAISO,hourly,DAM
133,14.0,23.57589,2018-01-06 21:00:00+00:00,CAISO,hourly,DAM
134,15.0,25.65714,2018-01-06 22:00:00+00:00,CAISO,hourly,DAM
135,16.0,29.30604,2018-01-06 23:00:00+00:00,CAISO,hourly,DAM
136,17.0,33.9528,2018-01-07 00:00:00+00:00,CAISO,hourly,DAM
137,18.0,48.17493,2018-01-07 01:00:00+00:00,CAISO,hourly,DAM
138,19.0,39.21789,2018-01-07 02:00:00+00:00,CAISO,hourly,DAM
139,20.0,39.1131,2018-01-07 03:00:00+00:00,CAISO,hourly,DAM
140,21.0,36.46969,2018-01-07 04:00:00+00:00,CAISO,hourly,DAM
141,22.0,33.91444,2018-01-07 05:00:00+00:00,CAISO,hourly,DAM
142,23.0,30.12108,2018-01-07 06:00:00+00:00,CAISO,hourly,DAM
143,24.0,29.71644,2018-01-07 07:00:00+00:00,CAISO,hourly,DAM
144,1.0,30.14767,2018-01-07 08:00:00+00:00,CAISO,hourly,DAM
145,2.0,28.9733,2018-01-07 09:00:00+00:00,CAISO,hourly,DAM
146,3.0,28.96137,2018-01-07 10:00:00+00:00,CAISO,hourly,DAM
147,4.0,28.96639,2018-01-07 11:00:00+00:00,CAISO,hourly,DAM
148,5.0,30.17712,2018-01-07 12:00:00+00:00,CAISO,hourly,DAM
149,6.0,30.1139,2018-01-07 13:00:00+00:00,CAISO,hourly,DAM
150,7.0,30.7318,2018-01-07 14:00:00+00:00,CAISO,hourly,DAM
151,8.0,30.38282,2018-01-07 15:00:00+00:00,CAISO,hourly,DAM
152,9.0,25.74306,2018-01-07 16:00:00+00:00,CAISO,hourly,DAM
153,10.0,23.63412,2018-01-07 17:00:00+00:00,CAISO,hourly,DAM
154,11.0,21.9678,2018-01-07 18:00:00+00:00,CAISO,hourly,DAM
155,12.0,21.34035,2018-01-07 19:00:00+00:00,CAISO,hourly,DAM
156,13.0,20.49288,2018-01-07 20:00:00+00:00,CAISO,hourly,DAM
157,14.0,21.2813,2018-01-07 21:00:00+00:00,CAISO,hourly,DAM
158,15.0,22.10882,2018-01-07 22:00:00+00:00,CAISO,hourly,DAM
159,16.0,28.66414,2018-01-07 23:00:00+00:00,CAISO,hourly,DAM
160,17.0,34.16874,2018-01-08 00:00:00+00:00,CAISO,hourly,DAM
161,18.0,41.92504,2018-01-08 01:00:00+00:00,CAISO,hourly,DAM
162,19.0,47.31196,2018-01-08 02:00:00+00:00,CAISO,hourly,DAM
163,20.0,41.41088,2018-01-08 03:00:00+00:00,CAISO,hourly,DAM
164,21.0,37.20599,2018-01-08 04:00:00+00:00,CAISO,hourly,DAM
165,22.0,34.51306,2018-01-08 05:00:00+00:00,CAISO,hourly,DAM
166,23.0,32.81554,2018-01-08 06:00:00+00:00,CAISO,hourly,DAM
167,24.0,30.39873,2018-01-08 07:00:00+00:00,CAISO,hourly,DAM
168,1.0,29.48542,2018-01-08 08:00:00+00:00,CAISO,hourly,DAM
169,2.0,28.32753,2018-01-08 09:00:00+00:00,CAISO,hourly,DAM
170,3.0,26.19012,2018-01-08 10:00:00+00:00,CAISO,hourly,DAM
171,4.0,26.03586,2018-01-08 11:00:00+00:00,CAISO,hourly,DAM
172,5.0,29.42908,2018-01-08 12:00:00+00:00,CAISO,hourly,DAM
173,6.0,32.68522,2018-01-08 13:00:00+00:00,CAISO,hourly,DAM
174,7.0,37.0378,2018-01-08 14:00:00+00:00,CAISO,hourly,DAM
175,8.0,44.14165,2018-01-08 15:00:00+00:00,CAISO,hourly,DAM
176,9.0,39.54901,2018-01-08 16:00:00+00:00,CAISO,hourly,DAM
177,10.0,36.37688,2018-01-08 17:00:00+00:00,CAISO,hourly,DAM
178,11.0,33.89526,2018-01-08 18:00:00+00:00,CAISO,hourly,DAM
179,12.0,34.33734,2018-01-08 19:00:00+00:00,CAISO,hourly,DAM
180,13.0,33.5987,2018-01-08 20:00:00+00:00,CAISO,hourly,DAM
181,14.0,32.75128,2018-01-08 21:00:00+00:00,CAISO,hourly,DAM
182,15.0,33.98887,2018-01-08 22:00:00+00:00,CAISO,hourly,DAM
183,16.0,36.63985,2018-01-08 23:00:00+00:00,CAISO,hourly,DAM
184,17.0,38.72243,2018-01-09 00:00:00+00:00,CAISO,hourly,DAM
185,18.0,50.28033,2018-01-09 01:00:00+00:00,CAISO,hourly,DAM
186,19.0,43.35651,2018-01-09 02:00:00+00:00,CAISO,hourly,DAM
187,20.0,41.09781,2018-01-09 03:00:00+00:00,CAISO,hourly,DAM
188,21.0,39.80936,2018-01-09 04:00:00+00:00,CAISO,hourly,DAM
189,22.0,35.51056,2018-01-09 05:00:00+00:00,CAISO,hourly,DAM
190,23.0,32.54634,2018-01-09 06:00:00+00:00,CAISO,hourly,DAM
191,24.0,31.49244,2018-01-09 07:00:00+00:00,CAISO,hourly,DAM
192,1.0,29.38704,2018-01-09 08:00:00+00:00,CAISO,hourly,DAM
193,2.0,28.09487,2018-01-09 09:00:00+00:00,CAISO,hourly,DAM
194,3.0,26.72939,2018-01-09 10:00:00+00:00,CAISO,hourly,DAM
195,4.0,26.59834,2018-01-09 11:00:00+00:00,CAISO,hourly,DAM
196,5.0,28.65027,2018-01-09 12:00:00+00:00,CAISO,hourly,DAM
197,6.0,31.50034,2018-01-09 13:00:00+00:00,CAISO,hourly,DAM
198,7.0,38.11813,2018-01-09 14:00:00+00:00,CAISO,hourly,DAM
199,8.0,42.9521,2018-01-09 15:00:00+00:00,CAISO,hourly,DAM
200,9.0,36.65358,2018-01-09 16:00:00+00:00,CAISO,hourly,DAM
201,10.0,33.34555,2018-01-09 17:00:00+00:00,CAISO,hourly,DAM
202,11.0,31.71678,2018-01-09 18:00:00+00:00,CAISO,hourly,DAM
203,12.0,30.1149,2018-01-09 19:00:00+00:00,CAISO,hourly,DAM
204,13.0,29.93958,2018-01-09 20:00:00+00:00,CAISO,hourly,DAM
205,14.0,29.85194,2018-01-09 21:00:00+00:00,CAISO,hourly,DAM
206,15.0,29.58059,2018-01-09 22:00:00+00:00,CAISO,hourly,DAM
207,16.0,31.23413,2018-01-09 23:00:00+00:00,CAISO,hourly,DAM
208,17.0,36.77722,2018-01-10 00:00:00+00:00,CAISO,hourly,DAM
209,18.0,46.43934,2018-01-10 01:00:00+00:00,CAISO,hourly,DAM
210,19.0,43.57377,2018-01-10 02:00:00+00:00,CAISO,hourly,DAM
211,20.0,41.79544,2018-01-10 03:00:00+00:00,CAISO,hourly,DAM
212,21.0,38.72666,2018-01-10 04:00:00+00:00,CAISO,hourly,DAM
213,22.0,34.29717,2018-01-10 05:00:00+00:00,CAISO,hourly,DAM
214,23.0,33.1566,2018-01-10 06:00:00+00:00,CAISO,hourly,DAM
215,24.0,29.61883,2018-01-10 07:00:00+00:00,CAISO,hourly,DAM
216,1.0,23.77243,2018-01-10 08:00:00+00:00,CAISO,hourly,DAM
217,2.0,22.31765,2018-01-10 09:00:00+00:00,CAISO,hourly,DAM
218,3.0,21.04557,2018-01-10 10:00:00+00:00,CAISO,hourly,DAM
219,4.0,21.08732,2018-01-10 11:00:00+00:00,CAISO,hourly,DAM
220,5.0,23.52539,2018-01-10 12:00:00+00:00,CAISO,hourly,DAM
221,6.0,26.87512,2018-01-10 13:00:00+00:00,CAISO,hourly,DAM
222,7.0,35.66345,2018-01-10 14:00:00+00:00,CAISO,hourly,DAM
223,8.0,41.95466,2018-01-10 15:00:00+00:00,CAISO,hourly,DAM
224,9.0,30.23319,2018-01-10 16:00:00+00:00,CAISO,hourly,DAM
225,10.0,25.58643,2018-01-10 17:00:00+00:00,CAISO,hourly,DAM
226,11.0,23.0276,2018-01-10 18:00:00+00:00,CAISO,hourly,DAM
227,12.0,21.93706,2018-01-10 19:00:00+00:00,CAISO,hourly,DAM
228,13.0,20.53474,2018-01-10 20:00:00+00:00,CAISO,hourly,DAM
229,14.0,19.7337,2018-01-10 21:00:00+00:00,CAISO,hourly,DAM
230,15.0,21.33489,2018-01-10 22:00:00+00:00,CAISO,hourly,DAM
231,16.0,28.9304,2018-01-10 23:00:00+00:00,CAISO,hourly,DAM
232,17.0,34.28198,2018-01-11 00:00:00+00:00,CAISO,hourly,DAM
233,18.0,44.29114,2018-01-11 01:00:00+00:00,CAISO,hourly,DAM
234,19.0,47.93572,2018-01-11 02:00:00+00:00,CAISO,hourly,DAM
235,20.0,44.63668,2018-01-11 03:00:00+00:00,CAISO,hourly,DAM
236,21.0,45.45735,2018-01-11 04:00:00+00:00,CAISO,hourly,DAM
237,22.0,36.92682,2018-01-11 05:00:00+00:00,CAISO,hourly,DAM
238,23.0,34.68994,2018-01-11 06:00:00+00:00,CAISO,hourly,DAM
239,24.0,30.68485,2018-01-11 07:00:00+00:00,CAISO,hourly,DAM
240,1.0,40.68256,2018-01-11 08:00:00+00:00,CAISO,hourly,DAM
241,2.0,37.88269,2018-01-11 09:00:00+00:00,CAISO,hourly,DAM
242,3.0,37.19277,2018-01-11 10:00:00+00:00,CAISO,hourly,DAM
243,4.0,37.76322,2018-01-11 11:00:00+00:00,CAISO,hourly,DAM
244,5.0,40.28603,2018-01-11 12:00:00+00:00,CAISO,hourly,DAM
245,6.0,41.56968,2018-01-11 13:00:00+00:00,CAISO,hourly,DAM
246,7.0,54.33843,2018-01-11 14:00:00+00:00,CAISO,hourly,DAM
247,8.0,51.6392,2018-01-11 15:00:00+00:00,CAISO,hourly,DAM
248,9.0,35.88694,2018-01-11 16:00:00+00:00,CAISO,hourly,DAM
249,10.0,28.14943,2018-01-11 17:00:00+00:00,CAISO,hourly,DAM
250,11.0,23.89281,2018-01-11 18:00:00+00:00,CAISO,hourly,DAM
251,12.0,21.14215,2018-01-11 19:00:00+00:00,CAISO,hourly,DAM
252,13.0,20.93909,2018-01-11 20:00:00+00:00,CAISO,hourly,DAM
253,14.0,21.88005,2018-01-11 21:00:00+00:00,CAISO,hourly,DAM
254,15.0,22.40552,2018-01-11 22:00:00+00:00,CAISO,hourly,DAM
255,16.0,30.53808,2018-01-11 23:00:00+00:00,CAISO,hourly,DAM
256,17.0,45.53203,2018-01-12 00:00:00+00:00,CAISO,hourly,DAM
257,18.0,51.07378,2018-01-12 01:00:00+00:00,CAISO,hourly,DAM
258,19.0,52.41757,2018-01-12 02:00:00+00:00,CAISO,hourly,DAM
259,20.0,46.81237,2018-01-12 03:00:00+00:00,CAISO,hourly,DAM
260,21.0,49.84406,2018-01-12 04:00:00+00:00,CAISO,hourly,DAM
261,22.0,49.37395,2018-01-12 05:00:00+00:00,CAISO,hourly,DAM
262,23.0,42.63724,2018-01-12 06:00:00+00:00,CAISO,hourly,DAM
263,24.0,42.59243,2018-01-12 07:00:00+00:00,CAISO,hourly,DAM
264,1.0,35.05848,2018-01-12 08:00:00+00:00,CAISO,hourly,DAM
265,2.0,31.35052,2018-01-12 09:00:00+00:00,CAISO,hourly,DAM
266,3.0,28.56161,2018-01-12 10:00:00+00:00,CAISO,hourly,DAM
267,4.0,27.97685,2018-01-12 11:00:00+00:00,CAISO,hourly,DAM
268,5.0,30.83547,2018-01-12 12:00:00+00:00,CAISO,hourly,DAM
269,6.0,39.43922,2018-01-12 13:00:00+00:00,CAISO,hourly,DAM
270,7.0,49.9824,2018-01-12 14:00:00+00:00,CAISO,hourly,DAM
271,8.0,49.29364,2018-01-12 15:00:00+00:00,CAISO,hourly,DAM
272,9.0,38.18569,2018-01-12 16:00:00+00:00,CAISO,hourly,DAM
273,10.0,30.94299,2018-01-12 17:00:00+00:00,CAISO,hourly,DAM
274,11.0,29.22221,2018-01-12 18:00:00+00:00,CAISO,hourly,DAM
275,12.0,26.92381,2018-01-12 19:00:00+00:00,CAISO,hourly,DAM
276,13.0,23.96669,2018-01-12 20:00:00+00:00,CAISO,hourly,DAM
277,14.0,24.5589,2018-01-12 21:00:00+00:00,CAISO,hourly,DAM
278,15.0,29.34807,2018-01-12 22:00:00+00:00,CAISO,hourly,DAM
279,16.0,33.69899,2018-01-12 23:00:00+00:00,CAISO,hourly,DAM
280,17.0,41.59385,2018-01-13 00:00:00+00:00,CAISO,hourly,DAM
281,18.0,56.93368,2018-01-13 01:00:00+00:00,CAISO,hourly,DAM
282,19.0,47.52672,2018-01-13 02:00:00+00:00,CAISO,hourly,DAM
283,20.0,42.86779,2018-01-13 03:00:00+00:00,CAISO,hourly,DAM
284,21.0,42.89023,2018-01-13 04:00:00+00:00,CAISO,hourly,DAM
285,22.0,38.27516,2018-01-13 05:00:00+00:00,CAISO,hourly,DAM
286,23.0,34.33678,2018-01-13 06:00:00+00:00,CAISO,hourly,DAM
287,24.0,31.99482,2018-01-13 07:00:00+00:00,CAISO,hourly,DAM
288,1.0,34.44526,2018-01-13 08:00:00+00:00,CAISO,hourly,DAM
289,2.0,31.96837,2018-01-13 09:00:00+00:00,CAISO,hourly,DAM
290,3.0,30.45855,2018-01-13 10:00:00+00:00,CAISO,hourly,DAM
291,4.0,30.64165,2018-01-13 11:00:00+00:00,CAISO,hourly,DAM
292,5.0,30.6261,2018-01-13 12:00:00+00:00,CAISO,hourly,DAM
293,6.0,32.15735,2018-01-13 13:00:00+00:00,CAISO,hourly,DAM
294,7.0,35.775,2018-01-13 14:00:00+00:00,CAISO,hourly,DAM
295,8.0,34.73612,2018-01-13 15:00:00+00:00,CAISO,hourly,DAM
296,9.0,29.20003,2018-01-13 16:00:00+00:00,CAISO,hourly,DAM
297,10.0,23.64029,2018-01-13 17:00:00+00:00,CAISO,hourly,DAM
298,11.0,21.01623,2018-01-13 18:00:00+00:00,CAISO,hourly,DAM
299,12.0,20.50856,2018-01-13 19:00:00+00:00,CAISO,hourly,DAM
300,13.0,19.36147,2018-01-13 20:00:00+00:00,CAISO,hourly,DAM
301,14.0,20.41065,2018-01-13 21:00:00+00:00,CAISO,hourly,DAM
302,15.0,21.78211,2018-01-13 22:00:00+00:00,CAISO,hourly,DAM
303,16.0,29.424,2018-01-13 23:00:00+00:00,CAISO,hourly,DAM
304,17.0,37.31263,2018-01-14 00:00:00+00:00,CAISO,hourly,DAM
305,18.0,51.42528,2018-01-14 01:00:00+00:00,CAISO,hourly,DAM
306,19.0,49.63223,2018-01-14 02:00:00+00:00,CAISO,hourly,DAM
307,20.0,47.13648,2018-01-14 03:00:00+00:00,CAISO,hourly,DAM
308,21.0,44.17291,2018-01-14 04:00:00+00:00,CAISO,hourly,DAM
309,22.0,38.41194,2018-01-14 05:00:00+00:00,CAISO,hourly,DAM
310,23.0,34.53788,2018-01-14 06:00:00+00:00,CAISO,hourly,DAM
311,24.0,32.03623,2018-01-14 07:00:00+00:00,CAISO,hourly,DAM
312,1.0,32.35188,2018-01-14 08:00:00+00:00,CAISO,hourly,DAM
313,2.0,30.89221,2018-01-14 09:00:00+00:00,CAISO,hourly,DAM
314,3.0,30.23656,2018-01-14 10:00:00+00:00,CAISO,hourly,DAM
315,4.0,29.78804,2018-01-14 11:00:00+00:00,CAISO,hourly,DAM
316,5.0,30.11229,2018-01-14 12:00:00+00:00,CAISO,hourly,DAM
317,6.0,30.22776,2018-01-14 13:00:00+00:00,CAISO,hourly,DAM
318,7.0,33.8816,2018-01-14 14:00:00+00:00,CAISO,hourly,DAM
319,8.0,31.31877,2018-01-14 15:00:00+00:00,CAISO,hourly,DAM
320,9.0,29.14472,2018-01-14 16:00:00+00:00,CAISO,hourly,DAM
321,10.0,23.97934,2018-01-14 17:00:00+00:00,CAISO,hourly,DAM
322,11.0,22.32709,2018-01-14 18:00:00+00:00,CAISO,hourly,DAM
323,12.0,21.51949,2018-01-14 19:00:00+00:00,CAISO,hourly,DAM
324,13.0,20.18271,2018-01-14 20:00:00+00:00,CAISO,hourly,DAM
325,14.0,20.2628,2018-01-14 21:00:00+00:00,CAISO,hourly,DAM
326,15.0,23.14125,2018-01-14 22:00:00+00:00,CAISO,hourly,DAM
327,16.0,29.57651,2018-01-14 23:00:00+00:00,CAISO,hourly,DAM
328,17.0,36.40599,2018-01-15 00:00:00+00:00,CAISO,hourly,DAM
329,18.0,50.6226,2018-01-15 01:00:00+00:00,CAISO,hourly,DAM
330,19.0,53.61468,2018-01-15 02:00:00+00:00,CAISO,hourly,DAM
331,20.0,48.70374,2018-01-15 03:00:00+00:00,CAISO,hourly,DAM
332,21.0,43.27315,2018-01-15 04:00:00+00:00,CAISO,hourly,DAM
333,22.0,36.43489,2018-01-15 05:00:00+00:00,CAISO,hourly,DAM
334,23.0,33.30958,2018-01-15 06:00:00+00:00,CAISO,hourly,DAM
335,24.0,31.33878,2018-01-15 07:00:00+00:00,CAISO,hourly,DAM
336,1.0,28.96535,2018-01-15 08:00:00+00:00,CAISO,hourly,DAM
337,2.0,28.82189,2018-01-15 09:00:00+00:00,CAISO,hourly,DAM
338,3.0,28.46664,2018-01-15 10:00:00+00:00,CAISO,hourly,DAM
339,4.0,28.12364,2018-01-15 11:00:00+00:00,CAISO,hourly,DAM
340,5.0,29.53776,2018-01-15 12:00:00+00:00,CAISO,hourly,DAM
341,6.0,31.27754,2018-01-15 13:00:00+00:00,CAISO,hourly,DAM
342,7.0,38.85359,2018-01-15 14:00:00+00:00,CAISO,hourly,DAM
343,8.0,45.38553,2018-01-15 15:00:00+00:00,CAISO,hourly,DAM
344,9.0,34.186,2018-01-15 16:00:00+00:00,CAISO,hourly,DAM
345,10.0,29.68161,2018-01-15 17:00:00+00:00,CAISO,hourly,DAM
346,11.0,29.44458,2018-01-15 18:00:00+00:00,CAISO,hourly,DAM
347,12.0,28.34532,2018-01-15 19:00:00+00:00,CAISO,hourly,DAM
348,13.0,28.53171,2018-01-15 20:00:00+00:00,CAISO,hourly,DAM
349,14.0,29.45497,2018-01-15 21:00:00+00:00,CAISO,hourly,DAM
350,15.0,29.97562,2018-01-15 22:00:00+00:00,CAISO,hourly,DAM
351,16.0,34.48214,2018-01-15 23:00:00+00:00,CAISO,hourly,DAM
352,17.0,41.88254,2018-01-16 00:00:00+00:00,CAISO,hourly,DAM
353,18.0,51.59208,2018-01-16 01:00:00+00:00,CAISO,hourly,DAM
354,19.0,50.13589,2018-01-16 02:00:00+00:00,CAISO,hourly,DAM
355,20.0,49.08105,2018-01-16 03:00:00+00:00,CAISO,hourly,DAM
356,21.0,46.51568,2018-01-16 04:00:00+00:00,CAISO,hourly,DAM
357,22.0,37.80488,2018-01-16 05:00:00+00:00,CAISO,hourly,DAM
358,23.0,35.07008,2018-01-16 06:00:00+00:00,CAISO,hourly,DAM
359,24.0,32.67689,2018-01-16 07:00:00+00:00,CAISO,hourly,DAM
360,1.0,29.52239,2018-01-16 08:00:00+00:00,CAISO,hourly,DAM
361,2.0,29.55501,2018-01-16 09:00:00+00:00,CAISO,hourly,DAM
362,3.0,28.53272,2018-01-16 10:00:00+00:00,CAISO,hourly,DAM
363,4.0,27.11491,2018-01-16 11:00:00+00:00,CAISO,hourly,DAM
364,5.0,29.10724,2018-01-16 12:00:00+00:00,CAISO,hourly,DAM
365,6.0,31.80962,2018-01-16 13:00:00+00:00,CAISO,hourly,DAM
366,7.0,41.39524,2018-01-16 14:00:00+00:00,CAISO,hourly,DAM
367,8.0,43.90636,2018-01-16 15:00:00+00:00,CAISO,hourly,DAM
368,9.0,36.72751,2018-01-16 16:00:00+00:00,CAISO,hourly,DAM
369,10.0,31.33459,2018-01-16 17:00:00+00:00,CAISO,hourly,DAM
370,11.0,29.48837,2018-01-16 18:00:00+00:00,CAISO,hourly,DAM
371,12.0,26.52478,2018-01-16 19:00:00+00:00,CAISO,hourly,DAM
372,13.0,26.44665,2018-01-16 20:00:00+00:00,CAISO,hourly,DAM
373,14.0,26.86829,2018-01-16 21:00:00+00:00,CAISO,hourly,DAM
374,15.0,28.63687,2018-01-16 22:00:00+00:00,CAISO,hourly,DAM
375,16.0,32.70263,2018-01-16 23:00:00+00:00,CAISO,hourly,DAM
376,17.0,39.39555,2018-01-17 00:00:00+00:00,CAISO,hourly,DAM
377,18.0,49.00612,2018-01-17 01:00:00+00:00,CAISO,hourly,DAM
378,19.0,49.02944,2018-01-17 02:00:00+00:00,CAISO,hourly,DAM
379,20.0,45.4411,2018-01-17 03:00:00+00:00,CAISO,hourly,DAM
380,21.0,44.1166,2018-01-17 04:00:00+00:00,CAISO,hourly,DAM
381,22.0,38.28983,2018-01-17 05:00:00+00:00,CAISO,hourly,DAM
382,23.0,34.67699,2018-01-17 06:00:00+00:00,CAISO,hourly,DAM
383,24.0,33.01925,2018-01-17 07:00:00+00:00,CAISO,hourly,DAM
384,1.0,30.74747,2018-01-17 08:00:00+00:00,CAISO,hourly,DAM
385,2.0,30.1311,2018-01-17 09:00:00+00:00,CAISO,hourly,DAM
386,3.0,29.74342,2018-01-17 10:00:00+00:00,CAISO,hourly,DAM
387,4.0,29.66353,2018-01-17 11:00:00+00:00,CAISO,hourly,DAM
388,5.0,30.17671,2018-01-17 12:00:00+00:00,CAISO,hourly,DAM
389,6.0,35.40272,2018-01-17 13:00:00+00:00,CAISO,hourly,DAM
390,7.0,45.63047,2018-01-17 14:00:00+00:00,CAISO,hourly,DAM
391,8.0,46.77713,2018-01-17 15:00:00+00:00,CAISO,hourly,DAM
392,9.0,34.05265,2018-01-17 16:00:00+00:00,CAISO,hourly,DAM
393,10.0,28.74772,2018-01-17 17:00:00+00:00,CAISO,hourly,DAM
394,11.0,24.95822,2018-01-17 18:00:00+00:00,CAISO,hourly,DAM
395,12.0,23.74033,2018-01-17 19:00:00+00:00,CAISO,hourly,DAM
396,13.0,22.83889,2018-01-17 20:00:00+00:00,CAISO,hourly,DAM
397,14.0,23.64317,2018-01-17 21:00:00+00:00,CAISO,hourly,DAM
398,15.0,24.49497,2018-01-17 22:00:00+00:00,CAISO,hourly,DAM
399,16.0,32.86217,2018-01-17 23:00:00+00:00,CAISO,hourly,DAM
400,17.0,38.91187,2018-01-18 00:00:00+00:00,CAISO,hourly,DAM
401,18.0,49.83047,2018-01-18 01:00:00+00:00,CAISO,hourly,DAM
402,19.0,48.41738,2018-01-18 02:00:00+00:00,CAISO,hourly,DAM
403,20.0,43.82777,2018-01-18 03:00:00+00:00,CAISO,hourly,DAM
404,21.0,43.26711,2018-01-18 04:00:00+00:00,CAISO,hourly,DAM
405,22.0,40.29032,2018-01-18 05:00:00+00:00,CAISO,hourly,DAM
406,23.0,36.91348,2018-01-18 06:00:00+00:00,CAISO,hourly,DAM
407,24.0,35.41263,2018-01-18 07:00:00+00:00,CAISO,hourly,DAM
408,1.0,29.99844,2018-01-18 08:00:00+00:00,CAISO,hourly,DAM
409,2.0,28.37183,2018-01-18 09:00:00+00:00,CAISO,hourly,DAM
410,3.0,27.89161,2018-01-18 10:00:00+00:00,CAISO,hourly,DAM
411,4.0,26.67323,2018-01-18 11:00:00+00:00,CAISO,hourly,DAM
412,5.0,28.48653,2018-01-18 12:00:00+00:00,CAISO,hourly,DAM
413,6.0,35.67415,2018-01-18 13:00:00+00:00,CAISO,hourly,DAM
414,7.0,46.69863,2018-01-18 14:00:00+00:00,CAISO,hourly,DAM
415,8.0,47.73687,2018-01-18 15:00:00+00:00,CAISO,hourly,DAM
416,9.0,34.39406,2018-01-18 16:00:00+00:00,CAISO,hourly,DAM
417,10.0,28.37673,2018-01-18 17:00:00+00:00,CAISO,hourly,DAM
418,11.0,27.36897,2018-01-18 18:00:00+00:00,CAISO,hourly,DAM
419,12.0,24.9305,2018-01-18 19:00:00+00:00,CAISO,hourly,DAM
420,13.0,21.65527,2018-01-18 20:00:00+00:00,CAISO,hourly,DAM
421,14.0,24.69167,2018-01-18 21:00:00+00:00,CAISO,hourly,DAM
422,15.0,27.38056,2018-01-18 22:00:00+00:00,CAISO,hourly,DAM
423,16.0,31.01315,2018-01-18 23:00:00+00:00,CAISO,hourly,DAM
424,17.0,37.57362,2018-01-19 00:00:00+00:00,CAISO,hourly,DAM
425,18.0,45.4741,2018-01-19 01:00:00+00:00,CAISO,hourly,DAM
426,19.0,49.15221,2018-01-19 02:00:00+00:00,CAISO,hourly,DAM
427,20.0,43.87684,2018-01-19 03:00:00+00:00,CAISO,hourly,DAM
428,21.0,41.25296,2018-01-19 04:00:00+00:00,CAISO,hourly,DAM
429,22.0,38.01347,2018-01-19 05:00:00+00:00,CAISO,hourly,DAM
430,23.0,34.71797,2018-01-19 06:00:00+00:00,CAISO,hourly,DAM
431,24.0,32.3103,2018-01-19 07:00:00+00:00,CAISO,hourly,DAM
432,1.0,28.48366,2018-01-19 08:00:00+00:00,CAISO,hourly,DAM
433,2.0,26.55676,2018-01-19 09:00:00+00:00,CAISO,hourly,DAM
434,3.0,25.28707,2018-01-19 10:00:00+00:00,CAISO,hourly,DAM
435,4.0,25.49934,2018-01-19 11:00:00+00:00,CAISO,hourly,DAM
436,5.0,27.76395,2018-01-19 12:00:00+00:00,CAISO,hourly,DAM
437,6.0,32.07512,2018-01-19 13:00:00+00:00,CAISO,hourly,DAM
438,7.0,41.01029,2018-01-19 14:00:00+00:00,CAISO,hourly,DAM
439,8.0,44.10365,2018-01-19 15:00:00+00:00,CAISO,hourly,DAM
440,9.0,34.80583,2018-01-19 16:00:00+00:00,CAISO,hourly,DAM
441,10.0,29.70508,2018-01-19 17:00:00+00:00,CAISO,hourly,DAM
442,11.0,27.411,2018-01-19 18:00:00+00:00,CAISO,hourly,DAM
443,12.0,24.62034,2018-01-19 19:00:00+00:00,CAISO,hourly,DAM
444,13.0,23.14527,2018-01-19 20:00:00+00:00,CAISO,hourly,DAM
445,14.0,21.40363,2018-01-19 21:00:00+00:00,CAISO,hourly,DAM
446,15.0,24.09071,2018-01-19 22:00:00+00:00,CAISO,hourly,DAM
447,16.0,28.81663,2018-01-19 23:00:00+00:00,CAISO,hourly,DAM
448,17.0,35.6004,2018-01-20 00:00:00+00:00,CAISO,hourly,DAM
449,18.0,38.83483,2018-01-20 01:00:00+00:00,CAISO,hourly,DAM
450,19.0,43.21772,2018-01-20 02:00:00+00:00,CAISO,hourly,DAM
451,20.0,38.52965,2018-01-20 03:00:00+00:00,CAISO,hourly,DAM
452,21.0,38.07604,2018-01-20 04:00:00+00:00,CAISO,hourly,DAM
453,22.0,36.69623,2018-01-20 05:00:00+00:00,CAISO,hourly,DAM
454,23.0,35.60129,2018-01-20 06:00:00+00:00,CAISO,hourly,DAM
455,24.0,30.16387,2018-01-20 07:00:00+00:00,CAISO,hourly,DAM
456,1.0,29.11113,2018-01-20 08:00:00+00:00,CAISO,hourly,DAM
457,2.0,27.00007,2018-01-20 09:00:00+00:00,CAISO,hourly,DAM
458,3.0,26.362,2018-01-20 10:00:00+00:00,CAISO,hourly,DAM
459,4.0,26.33951,2018-01-20 11:00:00+00:00,CAISO,hourly,DAM
460,5.0,27.1782,2018-01-20 12:00:00+00:00,CAISO,hourly,DAM
461,6.0,29.54906,2018-01-20 13:00:00+00:00,CAISO,hourly,DAM
462,7.0,34.30388,2018-01-20 14:00:00+00:00,CAISO,hourly,DAM
463,8.0,34.29628,2018-01-20 15:00:00+00:00,CAISO,hourly,DAM
464,9.0,26.52201,2018-01-20 16:00:00+00:00,CAISO,hourly,DAM
465,10.0,27.85178,2018-01-20 17:00:00+00:00,CAISO,hourly,DAM
466,11.0,11.44434,2018-01-20 18:00:00+00:00,CAISO,hourly,DAM
467,12.0,24.75272,2018-01-20 19:00:00+00:00,CAISO,hourly,DAM
468,13.0,17.85367,2018-01-20 20:00:00+00:00,CAISO,hourly,DAM
469,14.0,21.99832,2018-01-20 21:00:00+00:00,CAISO,hourly,DAM
470,15.0,27.35152,2018-01-20 22:00:00+00:00,CAISO,hourly,DAM
471,16.0,20.60297,2018-01-20 23:00:00+00:00,CAISO,hourly,DAM
472,17.0,31.75406,2018-01-21 00:00:00+00:00,CAISO,hourly,DAM
473,18.0,37.42204,2018-01-21 01:00:00+00:00,CAISO,hourly,DAM
474,19.0,43.81479,2018-01-21 02:00:00+00:00,CAISO,hourly,DAM
475,20.0,39.46102,2018-01-21 03:00:00+00:00,CAISO,hourly,DAM
476,21.0,37.53513,2018-01-21 04:00:00+00:00,CAISO,hourly,DAM
477,22.0,37.63165,2018-01-21 05:00:00+00:00,CAISO,hourly,DAM
478,23.0,34.50468,2018-01-21 06:00:00+00:00,CAISO,hourly,DAM
479,24.0,33.51872,2018-01-21 07:00:00+00:00,CAISO,hourly,DAM
480,1.0,34.82252,2018-01-21 08:00:00+00:00,CAISO,hourly,DAM
481,2.0,33.00272,2018-01-21 09:00:00+00:00,CAISO,hourly,DAM
482,3.0,31.81592,2018-01-21 10:00:00+00:00,CAISO,hourly,DAM
483,4.0,32.09666,2018-01-21 11:00:00+00:00,CAISO,hourly,DAM
484,5.0,32.59833,2018-01-21 12:00:00+00:00,CAISO,hourly,DAM
485,6.0,36.42471,2018-01-21 13:00:00+00:00,CAISO,hourly,DAM
486,7.0,38.39342,2018-01-21 14:00:00+00:00,CAISO,hourly,DAM
487,8.0,36.57113,2018-01-21 15:00:00+00:00,CAISO,hourly,DAM
488,9.0,31.13121,2018-01-21 16:00:00+00:00,CAISO,hourly,DAM
489,10.0,27.94454,2018-01-21 17:00:00+00:00,CAISO,hourly,DAM
490,11.0,22.37935,2018-01-21 18:00:00+00:00,CAISO,hourly,DAM
491,12.0,21.22173,2018-01-21 19:00:00+00:00,CAISO,hourly,DAM
492,13.0,18.2342,2018-01-21 20:00:00+00:00,CAISO,hourly,DAM
493,14.0,19.21777,2018-01-21 21:00:00+00:00,CAISO,hourly,DAM
494,15.0,21.51358,2018-01-21 22:00:00+00:00,CAISO,hourly,DAM
495,16.0,29.06475,2018-01-21 23:00:00+00:00,CAISO,hourly,DAM
496,17.0,36.20575,2018-01-22 00:00:00+00:00,CAISO,hourly,DAM
497,18.0,47.73505,2018-01-22 01:00:00+00:00,CAISO,hourly,DAM
498,19.0,54.87311,2018-01-22 02:00:00+00:00,CAISO,hourly,DAM
499,20.0,44.16734,2018-01-22 03:00:00+00:00,CAISO,hourly,DAM
500,21.0,41.75419,2018-01-22 04:00:00+00:00,CAISO,hourly,DAM
501,22.0,40.10951,2018-01-22 05:00:00+00:00,CAISO,hourly,DAM
502,23.0,35.38828,2018-01-22 06:00:00+00:00,CAISO,hourly,DAM
503,24.0,32.28449,2018-01-22 07:00:00+00:00,CAISO,hourly,DAM
504,1.0,30.38676,2018-01-22 08:00:00+00:00,CAISO,hourly,DAM
505,2.0,29.53739,2018-01-22 09:00:00+00:00,CAISO,hourly,DAM
506,3.0,27.63381,2018-01-22 10:00:00+00:00,CAISO,hourly,DAM
507,4.0,28.50447,2018-01-22 11:00:00+00:00,CAISO,hourly,DAM
508,5.0,29.64226,2018-01-22 12:00:00+00:00,CAISO,hourly,DAM
509,6.0,34.05876,2018-01-22 13:00:00+00:00,CAISO,hourly,DAM
510,7.0,43.1626,2018-01-22 14:00:00+00:00,CAISO,hourly,DAM
511,8.0,47.05524,2018-01-22 15:00:00+00:00,CAISO,hourly,DAM
512,9.0,34.83977,2018-01-22 16:00:00+00:00,CAISO,hourly,DAM
513,10.0,30.37282,2018-01-22 17:00:00+00:00,CAISO,hourly,DAM
514,11.0,27.04415,2018-01-22 18:00:00+00:00,CAISO,hourly,DAM
515,12.0,28.20327,2018-01-22 19:00:00+00:00,CAISO,hourly,DAM
516,13.0,25.28261,2018-01-22 20:00:00+00:00,CAISO,hourly,DAM
517,14.0,26.03601,2018-01-22 21:00:00+00:00,CAISO,hourly,DAM
518,15.0,25.30253,2018-01-22 22:00:00+00:00,CAISO,hourly,DAM
519,16.0,30.43609,2018-01-22 23:00:00+00:00,CAISO,hourly,DAM
520,17.0,37.74324,2018-01-23 00:00:00+00:00,CAISO,hourly,DAM
521,18.0,50.1888,2018-01-23 01:00:00+00:00,CAISO,hourly,DAM
522,19.0,55.03308,2018-01-23 02:00:00+00:00,CAISO,hourly,DAM
523,20.0,46.00161,2018-01-23 03:00:00+00:00,CAISO,hourly,DAM
524,21.0,44.28664,2018-01-23 04:00:00+00:00,CAISO,hourly,DAM
525,22.0,38.24331,2018-01-23 05:00:00+00:00,CAISO,hourly,DAM
526,23.0,35.39138,2018-01-23 06:00:00+00:00,CAISO,hourly,DAM
527,24.0,34.18998,2018-01-23 07:00:00+00:00,CAISO,hourly,DAM
528,1.0,30.66861,2018-01-23 08:00:00+00:00,CAISO,hourly,DAM
529,2.0,29.1516,2018-01-23 09:00:00+00:00,CAISO,hourly,DAM
530,3.0,28.58059,2018-01-23 10:00:00+00:00,CAISO,hourly,DAM
531,4.0,28.91758,2018-01-23 11:00:00+00:00,CAISO,hourly,DAM
532,5.0,29.56204,2018-01-23 12:00:00+00:00,CAISO,hourly,DAM
533,6.0,36.36803,2018-01-23 13:00:00+00:00,CAISO,hourly,DAM
534,7.0,52.77189,2018-01-23 14:00:00+00:00,CAISO,hourly,DAM
535,8.0,48.22172,2018-01-23 15:00:00+00:00,CAISO,hourly,DAM
536,9.0,34.33523,2018-01-23 16:00:00+00:00,CAISO,hourly,DAM
537,10.0,27.21343,2018-01-23 17:00:00+00:00,CAISO,hourly,DAM
538,11.0,24.12432,2018-01-23 18:00:00+00:00,CAISO,hourly,DAM
539,12.0,21.85929,2018-01-23 19:00:00+00:00,CAISO,hourly,DAM
540,13.0,21.14817,2018-01-23 20:00:00+00:00,CAISO,hourly,DAM
541,14.0,21.45067,2018-01-23 21:00:00+00:00,CAISO,hourly,DAM
542,15.0,23.91793,2018-01-23 22:00:00+00:00,CAISO,hourly,DAM
543,16.0,30.05596,2018-01-23 23:00:00+00:00,CAISO,hourly,DAM
544,17.0,37.51605,2018-01-24 00:00:00+00:00,CAISO,hourly,DAM
545,18.0,52.71733,2018-01-24 01:00:00+00:00,CAISO,hourly,DAM
546,19.0,55.78866,2018-01-24 02:00:00+00:00,CAISO,hourly,DAM
547,20.0,46.35571,2018-01-24 03:00:00+00:00,CAISO,hourly,DAM
548,21.0,45.23703,2018-01-24 04:00:00+00:00,CAISO,hourly,DAM
549,22.0,39.72417,2018-01-24 05:00:00+00:00,CAISO,hourly,DAM
550,23.0,35.46515,2018-01-24 06:00:00+00:00,CAISO,hourly,DAM
551,24.0,33.36159,2018-01-24 07:00:00+00:00,CAISO,hourly,DAM
552,1.0,28.82308,2018-01-24 08:00:00+00:00,CAISO,hourly,DAM
553,2.0,28.56633,2018-01-24 09:00:00+00:00,CAISO,hourly,DAM
554,3.0,27.50781,2018-01-24 10:00:00+00:00,CAISO,hourly,DAM
555,4.0,27.58585,2018-01-24 11:00:00+00:00,CAISO,hourly,DAM
556,5.0,28.78799,2018-01-24 12:00:00+00:00,CAISO,hourly,DAM
557,6.0,35.67445,2018-01-24 13:00:00+00:00,CAISO,hourly,DAM
558,7.0,48.13223,2018-01-24 14:00:00+00:00,CAISO,hourly,DAM
559,8.0,47.96517,2018-01-24 15:00:00+00:00,CAISO,hourly,DAM
560,9.0,32.64741,2018-01-24 16:00:00+00:00,CAISO,hourly,DAM
561,10.0,25.08365,2018-01-24 17:00:00+00:00,CAISO,hourly,DAM
562,11.0,22.75247,2018-01-24 18:00:00+00:00,CAISO,hourly,DAM
563,12.0,20.76236,2018-01-24 19:00:00+00:00,CAISO,hourly,DAM
564,13.0,19.56177,2018-01-24 20:00:00+00:00,CAISO,hourly,DAM
565,14.0,19.91638,2018-01-24 21:00:00+00:00,CAISO,hourly,DAM
566,15.0,21.6055,2018-01-24 22:00:00+00:00,CAISO,hourly,DAM
567,16.0,29.97599,2018-01-24 23:00:00+00:00,CAISO,hourly,DAM
568,17.0,35.32206,2018-01-25 00:00:00+00:00,CAISO,hourly,DAM
569,18.0,44.61034,2018-01-25 01:00:00+00:00,CAISO,hourly,DAM
570,19.0,54.44177,2018-01-25 02:00:00+00:00,CAISO,hourly,DAM
571,20.0,45.01072,2018-01-25 03:00:00+00:00,CAISO,hourly,DAM
572,21.0,41.08084,2018-01-25 04:00:00+00:00,CAISO,hourly,DAM
573,22.0,37.32735,2018-01-25 05:00:00+00:00,CAISO,hourly,DAM
574,23.0,34.12112,2018-01-25 06:00:00+00:00,CAISO,hourly,DAM
575,24.0,30.95948,2018-01-25 07:00:00+00:00,CAISO,hourly,DAM
576,1.0,29.46901,2018-01-25 08:00:00+00:00,CAISO,hourly,DAM
577,2.0,28.4596,2018-01-25 09:00:00+00:00,CAISO,hourly,DAM
578,3.0,27.65739,2018-01-25 10:00:00+00:00,CAISO,hourly,DAM
579,4.0,27.94058,2018-01-25 11:00:00+00:00,CAISO,hourly,DAM
580,5.0,28.87529,2018-01-25 12:00:00+00:00,CAISO,hourly,DAM
581,6.0,34.4881,2018-01-25 13:00:00+00:00,CAISO,hourly,DAM
582,7.0,46.0275,2018-01-25 14:00:00+00:00,CAISO,hourly,DAM
583,8.0,45.9405,2018-01-25 15:00:00+00:00,CAISO,hourly,DAM
584,9.0,32.86249,2018-01-25 16:00:00+00:00,CAISO,hourly,DAM
585,10.0,25.81591,2018-01-25 17:00:00+00:00,CAISO,hourly,DAM
586,11.0,23.11707,2018-01-25 18:00:00+00:00,CAISO,hourly,DAM
587,12.0,19.98767,2018-01-25 19:00:00+00:00,CAISO,hourly,DAM
588,13.0,18.88448,2018-01-25 20:00:00+00:00,CAISO,hourly,DAM
589,14.0,18.86969,2018-01-25 21:00:00+00:00,CAISO,hourly,DAM
590,15.0,20.93851,2018-01-25 22:00:00+00:00,CAISO,hourly,DAM
591,16.0,27.3791,2018-01-25 23:00:00+00:00,CAISO,hourly,DAM
592,17.0,35.39336,2018-01-26 00:00:00+00:00,CAISO,hourly,DAM
593,18.0,50.08804,2018-01-26 01:00:00+00:00,CAISO,hourly,DAM
594,19.0,45.37852,2018-01-26 02:00:00+00:00,CAISO,hourly,DAM
595,20.0,43.42812,2018-01-26 03:00:00+00:00,CAISO,hourly,DAM
596,21.0,40.0606,2018-01-26 04:00:00+00:00,CAISO,hourly,DAM
597,22.0,36.5606,2018-01-26 05:00:00+00:00,CAISO,hourly,DAM
598,23.0,33.86034,2018-01-26 06:00:00+00:00,CAISO,hourly,DAM
599,24.0,29.07692,2018-01-26 07:00:00+00:00,CAISO,hourly,DAM
600,1.0,28.45468,2018-01-26 08:00:00+00:00,CAISO,hourly,DAM
601,2.0,27.1421,2018-01-26 09:00:00+00:00,CAISO,hourly,DAM
602,3.0,26.78066,2018-01-26 10:00:00+00:00,CAISO,hourly,DAM
603,4.0,27.0599,2018-01-26 11:00:00+00:00,CAISO,hourly,DAM
604,5.0,29.69218,2018-01-26 12:00:00+00:00,CAISO,hourly,DAM
605,6.0,33.72034,2018-01-26 13:00:00+00:00,CAISO,hourly,DAM
606,7.0,43.85804,2018-01-26 14:00:00+00:00,CAISO,hourly,DAM
607,8.0,43.56928,2018-01-26 15:00:00+00:00,CAISO,hourly,DAM
608,9.0,31.32331,2018-01-26 16:00:00+00:00,CAISO,hourly,DAM
609,10.0,28.48007,2018-01-26 17:00:00+00:00,CAISO,hourly,DAM
610,11.0,23.85643,2018-01-26 18:00:00+00:00,CAISO,hourly,DAM
611,12.0,22.16005,2018-01-26 19:00:00+00:00,CAISO,hourly,DAM
612,13.0,19.75934,2018-01-26 20:00:00+00:00,CAISO,hourly,DAM
613,14.0,19.29456,2018-01-26 21:00:00+00:00,CAISO,hourly,DAM
614,15.0,20.73771,2018-01-26 22:00:00+00:00,CAISO,hourly,DAM
615,16.0,28.28561,2018-01-26 23:00:00+00:00,CAISO,hourly,DAM
616,17.0,36.58474,2018-01-27 00:00:00+00:00,CAISO,hourly,DAM
617,18.0,49.60886,2018-01-27 01:00:00+00:00,CAISO,hourly,DAM
618,19.0,52.36684,2018-01-27 02:00:00+00:00,CAISO,hourly,DAM
619,20.0,45.08097,2018-01-27 03:00:00+00:00,CAISO,hourly,DAM
620,21.0,44.62179,2018-01-27 04:00:00+00:00,CAISO,hourly,DAM
621,22.0,42.40454,2018-01-27 05:00:00+00:00,CAISO,hourly,DAM
622,23.0,36.36251,2018-01-27 06:00:00+00:00,CAISO,hourly,DAM
623,24.0,33.70463,2018-01-27 07:00:00+00:00,CAISO,hourly,DAM
624,1.0,34.17849,2018-01-27 08:00:00+00:00,CAISO,hourly,DAM
625,2.0,32.43302,2018-01-27 09:00:00+00:00,CAISO,hourly,DAM
626,3.0,31.38109,2018-01-27 10:00:00+00:00,CAISO,hourly,DAM
627,4.0,31.83279,2018-01-27 11:00:00+00:00,CAISO,hourly,DAM
628,5.0,31.03481,2018-01-27 12:00:00+00:00,CAISO,hourly,DAM
629,6.0,34.94401,2018-01-27 13:00:00+00:00,CAISO,hourly,DAM
630,7.0,38.64136,2018-01-27 14:00:00+00:00,CAISO,hourly,DAM
631,8.0,36.66705,2018-01-27 15:00:00+00:00,CAISO,hourly,DAM
632,9.0,32.68259,2018-01-27 16:00:00+00:00,CAISO,hourly,DAM
633,10.0,28.23777,2018-01-27 17:00:00+00:00,CAISO,hourly,DAM
634,11.0,20.502,2018-01-27 18:00:00+00:00,CAISO,hourly,DAM
635,12.0,19.10478,2018-01-27 19:00:00+00:00,CAISO,hourly,DAM
636,13.0,16.22959,2018-01-27 20:00:00+00:00,CAISO,hourly,DAM
637,14.0,15.20568,2018-01-27 21:00:00+00:00,CAISO,hourly,DAM
638,15.0,15.62831,2018-01-27 22:00:00+00:00,CAISO,hourly,DAM
639,16.0,21.67671,2018-01-27 23:00:00+00:00,CAISO,hourly,DAM
640,17.0,33.85962,2018-01-28 00:00:00+00:00,CAISO,hourly,DAM
641,18.0,43.76185,2018-01-28 01:00:00+00:00,CAISO,hourly,DAM
642,19.0,43.46157,2018-01-28 02:00:00+00:00,CAISO,hourly,DAM
643,20.0,41.23292,2018-01-28 03:00:00+00:00,CAISO,hourly,DAM
644,21.0,40.22162,2018-01-28 04:00:00+00:00,CAISO,hourly,DAM
645,22.0,37.15135,2018-01-28 05:00:00+00:00,CAISO,hourly,DAM
646,23.0,35.37261,2018-01-28 06:00:00+00:00,CAISO,hourly,DAM
647,24.0,32.27603,2018-01-28 07:00:00+00:00,CAISO,hourly,DAM
648,1.0,33.09738,2018-01-28 08:00:00+00:00,CAISO,hourly,DAM
649,2.0,32.94292,2018-01-28 09:00:00+00:00,CAISO,hourly,DAM
650,3.0,31.92508,2018-01-28 10:00:00+00:00,CAISO,hourly,DAM
651,4.0,31.44272,2018-01-28 11:00:00+00:00,CAISO,hourly,DAM
652,5.0,31.97145,2018-01-28 12:00:00+00:00,CAISO,hourly,DAM
653,6.0,34.3672,2018-01-28 13:00:00+00:00,CAISO,hourly,DAM
654,7.0,36.53453,2018-01-28 14:00:00+00:00,CAISO,hourly,DAM
655,8.0,32.30883,2018-01-28 15:00:00+00:00,CAISO,hourly,DAM
656,9.0,27.63114,2018-01-28 16:00:00+00:00,CAISO,hourly,DAM
657,10.0,17.54319,2018-01-28 17:00:00+00:00,CAISO,hourly,DAM
658,11.0,15.29877,2018-01-28 18:00:00+00:00,CAISO,hourly,DAM
659,12.0,14.33128,2018-01-28 19:00:00+00:00,CAISO,hourly,DAM
660,13.0,11.50803,2018-01-28 20:00:00+00:00,CAISO,hourly,DAM
661,14.0,12.67992,2018-01-28 21:00:00+00:00,CAISO,hourly,DAM
662,15.0,14.93748,2018-01-28 22:00:00+00:00,CAISO,hourly,DAM
663,16.0,22.38692,2018-01-28 23:00:00+00:00,CAISO,hourly,DAM
664,17.0,35.72856,2018-01-29 00:00:00+00:00,CAISO,hourly,DAM
665,18.0,46.85586,2018-01-29 01:00:00+00:00,CAISO,hourly,DAM
666,19.0,48.102,2018-01-29 02:00:00+00:00,CAISO,hourly,DAM
667,20.0,42.14735,2018-01-29 03:00:00+00:00,CAISO,hourly,DAM
668,21.0,39.64332,2018-01-29 04:00:00+00:00,CAISO,hourly,DAM
669,22.0,36.37834,2018-01-29 05:00:00+00:00,CAISO,hourly,DAM
670,23.0,34.68941,2018-01-29 06:00:00+00:00,CAISO,hourly,DAM
671,24.0,30.75978,2018-01-29 07:00:00+00:00,CAISO,hourly,DAM
672,1.0,28.50383,2018-01-29 08:00:00+00:00,CAISO,hourly,DAM
673,2.0,26.95205,2018-01-29 09:00:00+00:00,CAISO,hourly,DAM
674,3.0,26.84472,2018-01-29 10:00:00+00:00,CAISO,hourly,DAM
675,4.0,27.10683,2018-01-29 11:00:00+00:00,CAISO,hourly,DAM
676,5.0,29.53631,2018-01-29 12:00:00+00:00,CAISO,hourly,DAM
677,6.0,34.33673,2018-01-29 13:00:00+00:00,CAISO,hourly,DAM
678,7.0,43.61238,2018-01-29 14:00:00+00:00,CAISO,hourly,DAM
679,8.0,42.29701,2018-01-29 15:00:00+00:00,CAISO,hourly,DAM
680,9.0,31.17584,2018-01-29 16:00:00+00:00,CAISO,hourly,DAM
681,10.0,25.79535,2018-01-29 17:00:00+00:00,CAISO,hourly,DAM
682,11.0,25.82115,2018-01-29 18:00:00+00:00,CAISO,hourly,DAM
683,12.0,24.27078,2018-01-29 19:00:00+00:00,CAISO,hourly,DAM
684,13.0,22.67979,2018-01-29 20:00:00+00:00,CAISO,hourly,DAM
685,14.0,23.53411,2018-01-29 21:00:00+00:00,CAISO,hourly,DAM
686,15.0,25.93013,2018-01-29 22:00:00+00:00,CAISO,hourly,DAM
687,16.0,28.7051,2018-01-29 23:00:00+00:00,CAISO,hourly,DAM
688,17.0,37.17121,2018-01-30 00:00:00+00:00,CAISO,hourly,DAM
689,18.0,49.86946,2018-01-30 01:00:00+00:00,CAISO,hourly,DAM
690,19.0,53.20841,2018-01-30 02:00:00+00:00,CAISO,hourly,DAM
691,20.0,45.11014,2018-01-30 03:00:00+00:00,CAISO,hourly,DAM
692,21.0,43.36466,2018-01-30 04:00:00+00:00,CAISO,hourly,DAM
693,22.0,38.68563,2018-01-30 05:00:00+00:00,CAISO,hourly,DAM
694,23.0,34.5775,2018-01-30 06:00:00+00:00,CAISO,hourly,DAM
695,24.0,30.91381,2018-01-30 07:00:00+00:00,CAISO,hourly,DAM
696,1.0,28.43126,2018-01-30 08:00:00+00:00,CAISO,hourly,DAM
697,2.0,26.6782,2018-01-30 09:00:00+00:00,CAISO,hourly,DAM
698,3.0,26.11898,2018-01-30 10:00:00+00:00,CAISO,hourly,DAM
699,4.0,26.14278,2018-01-30 11:00:00+00:00,CAISO,hourly,DAM
700,5.0,28.8028,2018-01-30 12:00:00+00:00,CAISO,hourly,DAM
701,6.0,33.84572,2018-01-30 13:00:00+00:00,CAISO,hourly,DAM
702,7.0,41.86163,2018-01-30 14:00:00+00:00,CAISO,hourly,DAM
703,8.0,42.91015,2018-01-30 15:00:00+00:00,CAISO,hourly,DAM
704,9.0,30.67544,2018-01-30 16:00:00+00:00,CAISO,hourly,DAM
705,10.0,26.97038,2018-01-30 17:00:00+00:00,CAISO,hourly,DAM
706,11.0,26.15939,2018-01-30 18:00:00+00:00,CAISO,hourly,DAM
707,12.0,24.1186,2018-01-30 19:00:00+00:00,CAISO,hourly,DAM
708,13.0,23.2053,2018-01-30 20:00:00+00:00,CAISO,hourly,DAM
709,14.0,23.96481,2018-01-30 21:00:00+00:00,CAISO,hourly,DAM
710,15.0,25.82825,2018-01-30 22:00:00+00:00,CAISO,hourly,DAM
711,16.0,28.66868,2018-01-30 23:00:00+00:00,CAISO,hourly,DAM
712,17.0,35.06116,2018-01-31 00:00:00+00:00,CAISO,hourly,DAM
713,18.0,49.85805,2018-01-31 01:00:00+00:00,CAISO,hourly,DAM
714,19.0,52.3502,2018-01-31 02:00:00+00:00,CAISO,hourly,DAM
715,20.0,41.15845,2018-01-31 03:00:00+00:00,CAISO,hourly,DAM
716,21.0,39.88012,2018-01-31 04:00:00+00:00,CAISO,hourly,DAM
717,22.0,35.53406,2018-01-31 05:00:00+00:00,CAISO,hourly,DAM
718,23.0,33.12764,2018-01-31 06:00:00+00:00,CAISO,hourly,DAM
719,24.0,30.00741,2018-01-31 07:00:00+00:00,CAISO,hourly,DAM
720,1.0,28.40518,2018-01-31 08:00:00+00:00,CAISO,hourly,DAM
721,2.0,27.39115,2018-01-31 09:00:00+00:00,CAISO,hourly,DAM
722,3.0,26.38717,2018-01-31 10:00:00+00:00,CAISO,hourly,DAM
723,4.0,26.35362,2018-01-31 11:00:00+00:00,CAISO,hourly,DAM
724,5.0,28.99432,2018-01-31 12:00:00+00:00,CAISO,hourly,DAM
725,6.0,33.10178,2018-01-31 13:00:00+00:00,CAISO,hourly,DAM
726,7.0,41.67215,2018-01-31 14:00:00+00:00,CAISO,hourly,DAM
727,8.0,41.53015,2018-01-31 15:00:00+00:00,CAISO,hourly,DAM
728,9.0,29.52903,2018-01-31 16:00:00+00:00,CAISO,hourly,DAM
729,10.0,23.00591,2018-01-31 17:00:00+00:00,CAISO,hourly,DAM
730,11.0,21.45957,2018-01-31 18:00:00+00:00,CAISO,hourly,DAM
731,12.0,20.82255,2018-01-31 19:00:00+00:00,CAISO,hourly,DAM
732,13.0,18.96414,2018-01-31 20:00:00+00:00,CAISO,hourly,DAM
733,14.0,19.86264,2018-01-31 21:00:00+00:00,CAISO,hourly,DAM
734,15.0,20.55868,2018-01-31 22:00:00+00:00,CAISO,hourly,DAM
735,16.0,25.52494,2018-01-31 23:00:00+00:00,CAISO,hourly,DAM
736,17.0,35.4256,2018-02-01 00:00:00+00:00,CAISO,hourly,DAM
737,18.0,46.96507,2018-02-01 01:00:00+00:00,CAISO,hourly,DAM
738,19.0,46.08675,2018-02-01 02:00:00+00:00,CAISO,hourly,DAM
739,20.0,41.81274,2018-02-01 03:00:00+00:00,CAISO,hourly,DAM
740,21.0,40.76019,2018-02-01 04:00:00+00:00,CAISO,hourly,DAM
741,22.0,38.12461,2018-02-01 05:00:00+00:00,CAISO,hourly,DAM
742,23.0,34.12454,2018-02-01 06:00:00+00:00,CAISO,hourly,DAM
743,24.0,31.28428,2018-02-01 07:00:00+00:00,CAISO,hourly,DAM
0,1.0,27.81854,2018-02-01 08:00:00+00:00,CAISO,hourly,DAM
1,2.0,27.2176,2018-02-01 09:00:00+00:00,CAISO,hourly,DAM
2,3.0,26.46417,2018-02-01 10:00:00+00:00,CAISO,hourly,DAM
3,4.0,26.13021,2018-02-01 11:00:00+00:00,CAISO,hourly,DAM
4,5.0,29.38731,2018-02-01 12:00:00+00:00,CAISO,hourly,DAM
5,6.0,34.40099,2018-02-01 13:00:00+00:00,CAISO,hourly,DAM
6,7.0,40.2094,2018-02-01 14:00:00+00:00,CAISO,hourly,DAM
7,8.0,42.40565,2018-02-01 15:00:00+00:00,CAISO,hourly,DAM
8,9.0,32.19355,2018-02-01 16:00:00+00:00,CAISO,hourly,DAM
9,10.0,26.24919,2018-02-01 17:00:00+00:00,CAISO,hourly,DAM
10,11.0,24.50251,2018-02-01 18:00:00+00:00,CAISO,hourly,DAM
11,12.0,23.31003,2018-02-01 19:00:00+00:00,CAISO,hourly,DAM
12,13.0,22.36143,2018-02-01 20:00:00+00:00,CAISO,hourly,DAM
13,14.0,22.46741,2018-02-01 21:00:00+00:00,CAISO,hourly,DAM
14,15.0,25.27651,2018-02-01 22:00:00+00:00,CAISO,hourly,DAM
15,16.0,29.02267,2018-02-01 23:00:00+00:00,CAISO,hourly,DAM
16,17.0,35.91393,2018-02-02 00:00:00+00:00,CAISO,hourly,DAM
17,18.0,45.23367,2018-02-02 01:00:00+00:00,CAISO,hourly,DAM
18,19.0,50.21886,2018-02-02 02:00:00+00:00,CAISO,hourly,DAM
19,20.0,43.15494,2018-02-02 03:00:00+00:00,CAISO,hourly,DAM
20,21.0,42.25335,2018-02-02 04:00:00+00:00,CAISO,hourly,DAM
21,22.0,38.31434,2018-02-02 05:00:00+00:00,CAISO,hourly,DAM
22,23.0,34.41289,2018-02-02 06:00:00+00:00,CAISO,hourly,DAM
23,24.0,29.70973,2018-02-02 07:00:00+00:00,CAISO,hourly,DAM
24,1.0,26.32886,2018-02-02 08:00:00+00:00,CAISO,hourly,DAM
25,2.0,26.41614,2018-02-02 09:00:00+00:00,CAISO,hourly,DAM
26,3.0,25.1942,2018-02-02 10:00:00+00:00,CAISO,hourly,DAM
27,4.0,24.35319,2018-02-02 11:00:00+00:00,CAISO,hourly,DAM
28,5.0,26.81732,2018-02-02 12:00:00+00:00,CAISO,hourly,DAM
29,6.0,31.24572,2018-02-02 13:00:00+00:00,CAISO,hourly,DAM
30,7.0,38.16833,2018-02-02 14:00:00+00:00,CAISO,hourly,DAM
31,8.0,37.70043,2018-02-02 15:00:00+00:00,CAISO,hourly,DAM
32,9.0,26.79504,2018-02-02 16:00:00+00:00,CAISO,hourly,DAM
33,10.0,19.75514,2018-02-02 17:00:00+00:00,CAISO,hourly,DAM
34,11.0,18.30026,2018-02-02 18:00:00+00:00,CAISO,hourly,DAM
35,12.0,15.60357,2018-02-02 19:00:00+00:00,CAISO,hourly,DAM
36,13.0,13.90764,2018-02-02 20:00:00+00:00,CAISO,hourly,DAM
37,14.0,16.02674,2018-02-02 21:00:00+00:00,CAISO,hourly,DAM
38,15.0,17.12625,2018-02-02 22:00:00+00:00,CAISO,hourly,DAM
39,16.0,23.09351,2018-02-02 23:00:00+00:00,CAISO,hourly,DAM
40,17.0,33.23851,2018-02-03 00:00:00+00:00,CAISO,hourly,DAM
41,18.0,41.25143,2018-02-03 01:00:00+00:00,CAISO,hourly,DAM
42,19.0,46.25542,2018-02-03 02:00:00+00:00,CAISO,hourly,DAM
43,20.0,37.47799,2018-02-03 03:00:00+00:00,CAISO,hourly,DAM
44,21.0,37.56072,2018-02-03 04:00:00+00:00,CAISO,hourly,DAM
45,22.0,35.49276,2018-02-03 05:00:00+00:00,CAISO,hourly,DAM
46,23.0,31.01174,2018-02-03 06:00:00+00:00,CAISO,hourly,DAM
47,24.0,27.80605,2018-02-03 07:00:00+00:00,CAISO,hourly,DAM
48,1.0,25.0476,2018-02-03 08:00:00+00:00,CAISO,hourly,DAM
49,2.0,24.8882,2018-02-03 09:00:00+00:00,CAISO,hourly,DAM
50,3.0,24.30651,2018-02-03 10:00:00+00:00,CAISO,hourly,DAM
51,4.0,24.19658,2018-02-03 11:00:00+00:00,CAISO,hourly,DAM
52,5.0,25.15359,2018-02-03 12:00:00+00:00,CAISO,hourly,DAM
53,6.0,28.41865,2018-02-03 13:00:00+00:00,CAISO,hourly,DAM
54,7.0,32.10011,2018-02-03 14:00:00+00:00,CAISO,hourly,DAM
55,8.0,27.45673,2018-02-03 15:00:00+00:00,CAISO,hourly,DAM
56,9.0,19.82185,2018-02-03 16:00:00+00:00,CAISO,hourly,DAM
57,10.0,10.78379,2018-02-03 17:00:00+00:00,CAISO,hourly,DAM
58,11.0,10.71352,2018-02-03 18:00:00+00:00,CAISO,hourly,DAM
59,12.0,8.88654,2018-02-03 19:00:00+00:00,CAISO,hourly,DAM
60,13.0,7.3071,2018-02-03 20:00:00+00:00,CAISO,hourly,DAM
61,14.0,7.33848,2018-02-03 21:00:00+00:00,CAISO,hourly,DAM
62,15.0,8.54271,2018-02-03 22:00:00+00:00,CAISO,hourly,DAM
63,16.0,16.98902,2018-02-03 23:00:00+00:00,CAISO,hourly,DAM
64,17.0,30.03488,2018-02-04 00:00:00+00:00,CAISO,hourly,DAM
65,18.0,39.55746,2018-02-04 01:00:00+00:00,CAISO,hourly,DAM
66,19.0,38.83173,2018-02-04 02:00:00+00:00,CAISO,hourly,DAM
67,20.0,36.13938,2018-02-04 03:00:00+00:00,CAISO,hourly,DAM
68,21.0,34.56217,2018-02-04 04:00:00+00:00,CAISO,hourly,DAM
69,22.0,30.01774,2018-02-04 05:00:00+00:00,CAISO,hourly,DAM
70,23.0,27.51919,2018-02-04 06:00:00+00:00,CAISO,hourly,DAM
71,24.0,25.11801,2018-02-04 07:00:00+00:00,CAISO,hourly,DAM
72,1.0,23.42522,2018-02-04 08:00:00+00:00,CAISO,hourly,DAM
73,2.0,23.32146,2018-02-04 09:00:00+00:00,CAISO,hourly,DAM
74,3.0,22.37453,2018-02-04 10:00:00+00:00,CAISO,hourly,DAM
75,4.0,22.72552,2018-02-04 11:00:00+00:00,CAISO,hourly,DAM
76,5.0,23.01487,2018-02-04 12:00:00+00:00,CAISO,hourly,DAM
77,6.0,24.54764,2018-02-04 13:00:00+00:00,CAISO,hourly,DAM
78,7.0,27.40648,2018-02-04 14:00:00+00:00,CAISO,hourly,DAM
79,8.0,21.66402,2018-02-04 15:00:00+00:00,CAISO,hourly,DAM
80,9.0,12.01346,2018-02-04 16:00:00+00:00,CAISO,hourly,DAM
81,10.0,3.32708,2018-02-04 17:00:00+00:00,CAISO,hourly,DAM
82,11.0,2.05355,2018-02-04 18:00:00+00:00,CAISO,hourly,DAM
83,12.0,1.90043,2018-02-04 19:00:00+00:00,CAISO,hourly,DAM
84,13.0,1.15441,2018-02-04 20:00:00+00:00,CAISO,hourly,DAM
85,14.0,2.51551,2018-02-04 21:00:00+00:00,CAISO,hourly,DAM
86,15.0,3.28564,2018-02-04 22:00:00+00:00,CAISO,hourly,DAM
87,16.0,14.54285,2018-02-04 23:00:00+00:00,CAISO,hourly,DAM
88,17.0,28.79439,2018-02-05 00:00:00+00:00,CAISO,hourly,DAM
89,18.0,38.08723,2018-02-05 01:00:00+00:00,CAISO,hourly,DAM
90,19.0,39.24695,2018-02-05 02:00:00+00:00,CAISO,hourly,DAM
91,20.0,36.20416,2018-02-05 03:00:00+00:00,CAISO,hourly,DAM
92,21.0,35.8692,2018-02-05 04:00:00+00:00,CAISO,hourly,DAM
93,22.0,31.2116,2018-02-05 05:00:00+00:00,CAISO,hourly,DAM
94,23.0,27.0284,2018-02-05 06:00:00+00:00,CAISO,hourly,DAM
95,24.0,23.2688,2018-02-05 07:00:00+00:00,CAISO,hourly,DAM
96,1.0,23.07917,2018-02-05 08:00:00+00:00,CAISO,hourly,DAM
97,2.0,24.30561,2018-02-05 09:00:00+00:00,CAISO,hourly,DAM
98,3.0,21.3558,2018-02-05 10:00:00+00:00,CAISO,hourly,DAM
99,4.0,19.1974,2018-02-05 11:00:00+00:00,CAISO,hourly,DAM
100,5.0,23.18137,2018-02-05 12:00:00+00:00,CAISO,hourly,DAM
101,6.0,28.85877,2018-02-05 13:00:00+00:00,CAISO,hourly,DAM
102,7.0,36.99145,2018-02-05 14:00:00+00:00,CAISO,hourly,DAM
103,8.0,35.90862,2018-02-05 15:00:00+00:00,CAISO,hourly,DAM
104,9.0,21.85217,2018-02-05 16:00:00+00:00,CAISO,hourly,DAM
105,10.0,14.64974,2018-02-05 17:00:00+00:00,CAISO,hourly,DAM
106,11.0,7.30929,2018-02-05 18:00:00+00:00,CAISO,hourly,DAM
107,12.0,7.31786,2018-02-05 19:00:00+00:00,CAISO,hourly,DAM
108,13.0,5.49717,2018-02-05 20:00:00+00:00,CAISO,hourly,DAM
109,14.0,7.19803,2018-02-05 21:00:00+00:00,CAISO,hourly,DAM
110,15.0,9.36502,2018-02-05 22:00:00+00:00,CAISO,hourly,DAM
111,16.0,22.35956,2018-02-05 23:00:00+00:00,CAISO,hourly,DAM
112,17.0,33.46904,2018-02-06 00:00:00+00:00,CAISO,hourly,DAM
113,18.0,38.9717,2018-02-06 01:00:00+00:00,CAISO,hourly,DAM
114,19.0,43.73988,2018-02-06 02:00:00+00:00,CAISO,hourly,DAM
115,20.0,37.16255,2018-02-06 03:00:00+00:00,CAISO,hourly,DAM
116,21.0,34.25359,2018-02-06 04:00:00+00:00,CAISO,hourly,DAM
117,22.0,29.90859,2018-02-06 05:00:00+00:00,CAISO,hourly,DAM
118,23.0,24.91742,2018-02-06 06:00:00+00:00,CAISO,hourly,DAM
119,24.0,25.74902,2018-02-06 07:00:00+00:00,CAISO,hourly,DAM
120,1.0,20.79843,2018-02-06 08:00:00+00:00,CAISO,hourly,DAM
121,2.0,21.57565,2018-02-06 09:00:00+00:00,CAISO,hourly,DAM
122,3.0,20.09805,2018-02-06 10:00:00+00:00,CAISO,hourly,DAM
123,4.0,19.99734,2018-02-06 11:00:00+00:00,CAISO,hourly,DAM
124,5.0,20.61317,2018-02-06 12:00:00+00:00,CAISO,hourly,DAM
125,6.0,30.56171,2018-02-06 13:00:00+00:00,CAISO,hourly,DAM
126,7.0,37.23468,2018-02-06 14:00:00+00:00,CAISO,hourly,DAM
127,8.0,37.73678,2018-02-06 15:00:00+00:00,CAISO,hourly,DAM
128,9.0,23.92652,2018-02-06 16:00:00+00:00,CAISO,hourly,DAM
129,10.0,17.57951,2018-02-06 17:00:00+00:00,CAISO,hourly,DAM
130,11.0,12.66456,2018-02-06 18:00:00+00:00,CAISO,hourly,DAM
131,12.0,14.20834,2018-02-06 19:00:00+00:00,CAISO,hourly,DAM
132,13.0,10.60247,2018-02-06 20:00:00+00:00,CAISO,hourly,DAM
133,14.0,14.534,2018-02-06 21:00:00+00:00,CAISO,hourly,DAM
134,15.0,20.28562,2018-02-06 22:00:00+00:00,CAISO,hourly,DAM
135,16.0,23.1197,2018-02-06 23:00:00+00:00,CAISO,hourly,DAM
136,17.0,31.09669,2018-02-07 00:00:00+00:00,CAISO,hourly,DAM
137,18.0,40.13015,2018-02-07 01:00:00+00:00,CAISO,hourly,DAM
138,19.0,44.93571,2018-02-07 02:00:00+00:00,CAISO,hourly,DAM
139,20.0,37.66759,2018-02-07 03:00:00+00:00,CAISO,hourly,DAM
140,21.0,36.62634,2018-02-07 04:00:00+00:00,CAISO,hourly,DAM
141,22.0,33.58742,2018-02-07 05:00:00+00:00,CAISO,hourly,DAM
142,23.0,30.20162,2018-02-07 06:00:00+00:00,CAISO,hourly,DAM
143,24.0,28.11242,2018-02-07 07:00:00+00:00,CAISO,hourly,DAM
144,1.0,21.93193,2018-02-07 08:00:00+00:00,CAISO,hourly,DAM
145,2.0,24.93355,2018-02-07 09:00:00+00:00,CAISO,hourly,DAM
146,3.0,22.0747,2018-02-07 10:00:00+00:00,CAISO,hourly,DAM
147,4.0,22.60153,2018-02-07 11:00:00+00:00,CAISO,hourly,DAM
148,5.0,26.14994,2018-02-07 12:00:00+00:00,CAISO,hourly,DAM
149,6.0,30.20858,2018-02-07 13:00:00+00:00,CAISO,hourly,DAM
150,7.0,41.76191,2018-02-07 14:00:00+00:00,CAISO,hourly,DAM
151,8.0,39.88193,2018-02-07 15:00:00+00:00,CAISO,hourly,DAM
152,9.0,23.80561,2018-02-07 16:00:00+00:00,CAISO,hourly,DAM
153,10.0,14.44931,2018-02-07 17:00:00+00:00,CAISO,hourly,DAM
154,11.0,9.98168,2018-02-07 18:00:00+00:00,CAISO,hourly,DAM
155,12.0,11.01935,2018-02-07 19:00:00+00:00,CAISO,hourly,DAM
156,13.0,10.24606,2018-02-07 20:00:00+00:00,CAISO,hourly,DAM
157,14.0,12.21266,2018-02-07 21:00:00+00:00,CAISO,hourly,DAM
158,15.0,11.68935,2018-02-07 22:00:00+00:00,CAISO,hourly,DAM
159,16.0,20.68682,2018-02-07 23:00:00+00:00,CAISO,hourly,DAM
160,17.0,31.86355,2018-02-08 00:00:00+00:00,CAISO,hourly,DAM
161,18.0,44.85624,2018-02-08 01:00:00+00:00,CAISO,hourly,DAM
162,19.0,46.04381,2018-02-08 02:00:00+00:00,CAISO,hourly,DAM
163,20.0,38.09669,2018-02-08 03:00:00+00:00,CAISO,hourly,DAM
164,21.0,35.68309,2018-02-08 04:00:00+00:00,CAISO,hourly,DAM
165,22.0,33.3795,2018-02-08 05:00:00+00:00,CAISO,hourly,DAM
166,23.0,30.13463,2018-02-08 06:00:00+00:00,CAISO,hourly,DAM
167,24.0,27.40117,2018-02-08 07:00:00+00:00,CAISO,hourly,DAM
168,1.0,24.03037,2018-02-08 08:00:00+00:00,CAISO,hourly,DAM
169,2.0,23.29201,2018-02-08 09:00:00+00:00,CAISO,hourly,DAM
170,3.0,22.407,2018-02-08 10:00:00+00:00,CAISO,hourly,DAM
171,4.0,21.55252,2018-02-08 11:00:00+00:00,CAISO,hourly,DAM
172,5.0,24.18517,2018-02-08 12:00:00+00:00,CAISO,hourly,DAM
173,6.0,31.8811,2018-02-08 13:00:00+00:00,CAISO,hourly,DAM
174,7.0,42.03204,2018-02-08 14:00:00+00:00,CAISO,hourly,DAM
175,8.0,38.07129,2018-02-08 15:00:00+00:00,CAISO,hourly,DAM
176,9.0,23.38564,2018-02-08 16:00:00+00:00,CAISO,hourly,DAM
177,10.0,14.51036,2018-02-08 17:00:00+00:00,CAISO,hourly,DAM
178,11.0,9.79842,2018-02-08 18:00:00+00:00,CAISO,hourly,DAM
179,12.0,9.43172,2018-02-08 19:00:00+00:00,CAISO,hourly,DAM
180,13.0,9.15512,2018-02-08 20:00:00+00:00,CAISO,hourly,DAM
181,14.0,10.09536,2018-02-08 21:00:00+00:00,CAISO,hourly,DAM
182,15.0,13.37274,2018-02-08 22:00:00+00:00,CAISO,hourly,DAM
183,16.0,20.40881,2018-02-08 23:00:00+00:00,CAISO,hourly,DAM
184,17.0,30.89603,2018-02-09 00:00:00+00:00,CAISO,hourly,DAM
185,18.0,45.18696,2018-02-09 01:00:00+00:00,CAISO,hourly,DAM
186,19.0,54.73859,2018-02-09 02:00:00+00:00,CAISO,hourly,DAM
187,20.0,37.79907,2018-02-09 03:00:00+00:00,CAISO,hourly,DAM
188,21.0,35.49521,2018-02-09 04:00:00+00:00,CAISO,hourly,DAM
189,22.0,33.53259,2018-02-09 05:00:00+00:00,CAISO,hourly,DAM
190,23.0,29.12736,2018-02-09 06:00:00+00:00,CAISO,hourly,DAM
191,24.0,26.55235,2018-02-09 07:00:00+00:00,CAISO,hourly,DAM
192,1.0,25.98671,2018-02-09 08:00:00+00:00,CAISO,hourly,DAM
193,2.0,24.49246,2018-02-09 09:00:00+00:00,CAISO,hourly,DAM
194,3.0,23.43042,2018-02-09 10:00:00+00:00,CAISO,hourly,DAM
195,4.0,23.44397,2018-02-09 11:00:00+00:00,CAISO,hourly,DAM
196,5.0,25.26297,2018-02-09 12:00:00+00:00,CAISO,hourly,DAM
197,6.0,31.66326,2018-02-09 13:00:00+00:00,CAISO,hourly,DAM
198,7.0,40.20175,2018-02-09 14:00:00+00:00,CAISO,hourly,DAM
199,8.0,37.58641,2018-02-09 15:00:00+00:00,CAISO,hourly,DAM
200,9.0,26.74472,2018-02-09 16:00:00+00:00,CAISO,hourly,DAM
201,10.0,19.74499,2018-02-09 17:00:00+00:00,CAISO,hourly,DAM
202,11.0,11.90325,2018-02-09 18:00:00+00:00,CAISO,hourly,DAM
203,12.0,11.74944,2018-02-09 19:00:00+00:00,CAISO,hourly,DAM
204,13.0,11.81252,2018-02-09 20:00:00+00:00,CAISO,hourly,DAM
205,14.0,12.77275,2018-02-09 21:00:00+00:00,CAISO,hourly,DAM
206,15.0,11.05297,2018-02-09 22:00:00+00:00,CAISO,hourly,DAM
207,16.0,18.32976,2018-02-09 23:00:00+00:00,CAISO,hourly,DAM
208,17.0,30.58058,2018-02-10 00:00:00+00:00,CAISO,hourly,DAM
209,18.0,39.17407,2018-02-10 01:00:00+00:00,CAISO,hourly,DAM
210,19.0,38.72065,2018-02-10 02:00:00+00:00,CAISO,hourly,DAM
211,20.0,35.25293,2018-02-10 03:00:00+00:00,CAISO,hourly,DAM
212,21.0,32.97796,2018-02-10 04:00:00+00:00,CAISO,hourly,DAM
213,22.0,31.44809,2018-02-10 05:00:00+00:00,CAISO,hourly,DAM
214,23.0,27.67481,2018-02-10 06:00:00+00:00,CAISO,hourly,DAM
215,24.0,26.0972,2018-02-10 07:00:00+00:00,CAISO,hourly,DAM
216,1.0,24.47899,2018-02-10 08:00:00+00:00,CAISO,hourly,DAM
217,2.0,23.68225,2018-02-10 09:00:00+00:00,CAISO,hourly,DAM
218,3.0,23.57752,2018-02-10 10:00:00+00:00,CAISO,hourly,DAM
219,4.0,23.15375,2018-02-10 11:00:00+00:00,CAISO,hourly,DAM
220,5.0,23.57447,2018-02-10 12:00:00+00:00,CAISO,hourly,DAM
221,6.0,27.32827,2018-02-10 13:00:00+00:00,CAISO,hourly,DAM
222,7.0,34.77044,2018-02-10 14:00:00+00:00,CAISO,hourly,DAM
223,8.0,31.0487,2018-02-10 15:00:00+00:00,CAISO,hourly,DAM
224,9.0,21.4996,2018-02-10 16:00:00+00:00,CAISO,hourly,DAM
225,10.0,7.06413,2018-02-10 17:00:00+00:00,CAISO,hourly,DAM
226,11.0,2.7689,2018-02-10 18:00:00+00:00,CAISO,hourly,DAM
227,12.0,1.05855,2018-02-10 19:00:00+00:00,CAISO,hourly,DAM
228,13.0,0.17018,2018-02-10 20:00:00+00:00,CAISO,hourly,DAM
229,14.0,-0.05202,2018-02-10 21:00:00+00:00,CAISO,hourly,DAM
230,15.0,0.99695,2018-02-10 22:00:00+00:00,CAISO,hourly,DAM
231,16.0,6.41674,2018-02-10 23:00:00+00:00,CAISO,hourly,DAM
232,17.0,27.10802,2018-02-11 00:00:00+00:00,CAISO,hourly,DAM
233,18.0,38.20028,2018-02-11 01:00:00+00:00,CAISO,hourly,DAM
234,19.0,40.5826,2018-02-11 02:00:00+00:00,CAISO,hourly,DAM
235,20.0,38.58597,2018-02-11 03:00:00+00:00,CAISO,hourly,DAM
236,21.0,37.60848,2018-02-11 04:00:00+00:00,CAISO,hourly,DAM
237,22.0,34.64849,2018-02-11 05:00:00+00:00,CAISO,hourly,DAM
238,23.0,30.04161,2018-02-11 06:00:00+00:00,CAISO,hourly,DAM
239,24.0,29.17606,2018-02-11 07:00:00+00:00,CAISO,hourly,DAM
240,1.0,29.0082,2018-02-11 08:00:00+00:00,CAISO,hourly,DAM
241,2.0,26.61662,2018-02-11 09:00:00+00:00,CAISO,hourly,DAM
242,3.0,25.59723,2018-02-11 10:00:00+00:00,CAISO,hourly,DAM
243,4.0,26.56624,2018-02-11 11:00:00+00:00,CAISO,hourly,DAM
244,5.0,28.40121,2018-02-11 12:00:00+00:00,CAISO,hourly,DAM
245,6.0,31.6988,2018-02-11 13:00:00+00:00,CAISO,hourly,DAM
246,7.0,37.19896,2018-02-11 14:00:00+00:00,CAISO,hourly,DAM
247,8.0,28.39176,2018-02-11 15:00:00+00:00,CAISO,hourly,DAM
248,9.0,22.3269,2018-02-11 16:00:00+00:00,CAISO,hourly,DAM
249,10.0,11.98572,2018-02-11 17:00:00+00:00,CAISO,hourly,DAM
250,11.0,5.3347,2018-02-11 18:00:00+00:00,CAISO,hourly,DAM
251,12.0,6.66908,2018-02-11 19:00:00+00:00,CAISO,hourly,DAM
252,13.0,4.81385,2018-02-11 20:00:00+00:00,CAISO,hourly,DAM
253,14.0,4.81089,2018-02-11 21:00:00+00:00,CAISO,hourly,DAM
254,15.0,7.52399,2018-02-11 22:00:00+00:00,CAISO,hourly,DAM
255,16.0,18.55079,2018-02-11 23:00:00+00:00,CAISO,hourly,DAM
256,17.0,25.76852,2018-02-12 00:00:00+00:00,CAISO,hourly,DAM
257,18.0,38.80344,2018-02-12 01:00:00+00:00,CAISO,hourly,DAM
258,19.0,41.53379,2018-02-12 02:00:00+00:00,CAISO,hourly,DAM
259,20.0,41.22074,2018-02-12 03:00:00+00:00,CAISO,hourly,DAM
260,21.0,37.53153,2018-02-12 04:00:00+00:00,CAISO,hourly,DAM
261,22.0,32.85515,2018-02-12 05:00:00+00:00,CAISO,hourly,DAM
262,23.0,30.18232,2018-02-12 06:00:00+00:00,CAISO,hourly,DAM
263,24.0,27.63514,2018-02-12 07:00:00+00:00,CAISO,hourly,DAM
264,1.0,23.86267,2018-02-12 08:00:00+00:00,CAISO,hourly,DAM
265,2.0,22.69131,2018-02-12 09:00:00+00:00,CAISO,hourly,DAM
266,3.0,22.11156,2018-02-12 10:00:00+00:00,CAISO,hourly,DAM
267,4.0,22.18256,2018-02-12 11:00:00+00:00,CAISO,hourly,DAM
268,5.0,24.98139,2018-02-12 12:00:00+00:00,CAISO,hourly,DAM
269,6.0,31.09641,2018-02-12 13:00:00+00:00,CAISO,hourly,DAM
270,7.0,43.4158,2018-02-12 14:00:00+00:00,CAISO,hourly,DAM
271,8.0,40.1851,2018-02-12 15:00:00+00:00,CAISO,hourly,DAM
272,9.0,39.88676,2018-02-12 16:00:00+00:00,CAISO,hourly,DAM
273,10.0,29.07675,2018-02-12 17:00:00+00:00,CAISO,hourly,DAM
274,11.0,26.45519,2018-02-12 18:00:00+00:00,CAISO,hourly,DAM
275,12.0,12.11053,2018-02-12 19:00:00+00:00,CAISO,hourly,DAM
276,13.0,15.33604,2018-02-12 20:00:00+00:00,CAISO,hourly,DAM
277,14.0,13.10888,2018-02-12 21:00:00+00:00,CAISO,hourly,DAM
278,15.0,22.56082,2018-02-12 22:00:00+00:00,CAISO,hourly,DAM
279,16.0,21.46041,2018-02-12 23:00:00+00:00,CAISO,hourly,DAM
280,17.0,31.22893,2018-02-13 00:00:00+00:00,CAISO,hourly,DAM
281,18.0,39.60546,2018-02-13 01:00:00+00:00,CAISO,hourly,DAM
282,19.0,46.38029,2018-02-13 02:00:00+00:00,CAISO,hourly,DAM
283,20.0,41.07675,2018-02-13 03:00:00+00:00,CAISO,hourly,DAM
284,21.0,41.86032,2018-02-13 04:00:00+00:00,CAISO,hourly,DAM
285,22.0,37.57543,2018-02-13 05:00:00+00:00,CAISO,hourly,DAM
286,23.0,30.68893,2018-02-13 06:00:00+00:00,CAISO,hourly,DAM
287,24.0,29.13329,2018-02-13 07:00:00+00:00,CAISO,hourly,DAM
288,1.0,31.74229,2018-02-13 08:00:00+00:00,CAISO,hourly,DAM
289,2.0,29.55388,2018-02-13 09:00:00+00:00,CAISO,hourly,DAM
290,3.0,27.76042,2018-02-13 10:00:00+00:00,CAISO,hourly,DAM
291,4.0,28.83304,2018-02-13 11:00:00+00:00,CAISO,hourly,DAM
292,5.0,30.19442,2018-02-13 12:00:00+00:00,CAISO,hourly,DAM
293,6.0,37.73969,2018-02-13 13:00:00+00:00,CAISO,hourly,DAM
294,7.0,52.45863,2018-02-13 14:00:00+00:00,CAISO,hourly,DAM
295,8.0,44.6292,2018-02-13 15:00:00+00:00,CAISO,hourly,DAM
296,9.0,32.14187,2018-02-13 16:00:00+00:00,CAISO,hourly,DAM
297,10.0,28.45875,2018-02-13 17:00:00+00:00,CAISO,hourly,DAM
298,11.0,21.53322,2018-02-13 18:00:00+00:00,CAISO,hourly,DAM
299,12.0,18.75864,2018-02-13 19:00:00+00:00,CAISO,hourly,DAM
300,13.0,20.12651,2018-02-13 20:00:00+00:00,CAISO,hourly,DAM
301,14.0,18.7655,2018-02-13 21:00:00+00:00,CAISO,hourly,DAM
302,15.0,18.83473,2018-02-13 22:00:00+00:00,CAISO,hourly,DAM
303,16.0,22.12845,2018-02-13 23:00:00+00:00,CAISO,hourly,DAM
304,17.0,34.56162,2018-02-14 00:00:00+00:00,CAISO,hourly,DAM
305,18.0,39.49389,2018-02-14 01:00:00+00:00,CAISO,hourly,DAM
306,19.0,53.98075,2018-02-14 02:00:00+00:00,CAISO,hourly,DAM
307,20.0,45.08332,2018-02-14 03:00:00+00:00,CAISO,hourly,DAM
308,21.0,45.69227,2018-02-14 04:00:00+00:00,CAISO,hourly,DAM
309,22.0,39.23272,2018-02-14 05:00:00+00:00,CAISO,hourly,DAM
310,23.0,33.388,2018-02-14 06:00:00+00:00,CAISO,hourly,DAM
311,24.0,32.68175,2018-02-14 07:00:00+00:00,CAISO,hourly,DAM
312,1.0,35.35507,2018-02-14 08:00:00+00:00,CAISO,hourly,DAM
313,2.0,30.89662,2018-02-14 09:00:00+00:00,CAISO,hourly,DAM
314,3.0,29.87143,2018-02-14 10:00:00+00:00,CAISO,hourly,DAM
315,4.0,31.78736,2018-02-14 11:00:00+00:00,CAISO,hourly,DAM
316,5.0,34.27026,2018-02-14 12:00:00+00:00,CAISO,hourly,DAM
317,6.0,35.69549,2018-02-14 13:00:00+00:00,CAISO,hourly,DAM
318,7.0,53.70495,2018-02-14 14:00:00+00:00,CAISO,hourly,DAM
319,8.0,46.25496,2018-02-14 15:00:00+00:00,CAISO,hourly,DAM
320,9.0,37.1842,2018-02-14 16:00:00+00:00,CAISO,hourly,DAM
321,10.0,28.76131,2018-02-14 17:00:00+00:00,CAISO,hourly,DAM
322,11.0,25.46104,2018-02-14 18:00:00+00:00,CAISO,hourly,DAM
323,12.0,23.83198,2018-02-14 19:00:00+00:00,CAISO,hourly,DAM
324,13.0,22.77192,2018-02-14 20:00:00+00:00,CAISO,hourly,DAM
325,14.0,23.11335,2018-02-14 21:00:00+00:00,CAISO,hourly,DAM
326,15.0,22.19303,2018-02-14 22:00:00+00:00,CAISO,hourly,DAM
327,16.0,25.00172,2018-02-14 23:00:00+00:00,CAISO,hourly,DAM
328,17.0,31.1085,2018-02-15 00:00:00+00:00,CAISO,hourly,DAM
329,18.0,47.30884,2018-02-15 01:00:00+00:00,CAISO,hourly,DAM
330,19.0,48.5636,2018-02-15 02:00:00+00:00,CAISO,hourly,DAM
331,20.0,46.32153,2018-02-15 03:00:00+00:00,CAISO,hourly,DAM
332,21.0,43.16067,2018-02-15 04:00:00+00:00,CAISO,hourly,DAM
333,22.0,38.74373,2018-02-15 05:00:00+00:00,CAISO,hourly,DAM
334,23.0,33.76713,2018-02-15 06:00:00+00:00,CAISO,hourly,DAM
335,24.0,29.63586,2018-02-15 07:00:00+00:00,CAISO,hourly,DAM
336,1.0,29.40812,2018-02-15 08:00:00+00:00,CAISO,hourly,DAM
337,2.0,25.32785,2018-02-15 09:00:00+00:00,CAISO,hourly,DAM
338,3.0,24.73352,2018-02-15 10:00:00+00:00,CAISO,hourly,DAM
339,4.0,24.63919,2018-02-15 11:00:00+00:00,CAISO,hourly,DAM
340,5.0,29.18208,2018-02-15 12:00:00+00:00,CAISO,hourly,DAM
341,6.0,34.86966,2018-02-15 13:00:00+00:00,CAISO,hourly,DAM
342,7.0,44.18249,2018-02-15 14:00:00+00:00,CAISO,hourly,DAM
343,8.0,48.63976,2018-02-15 15:00:00+00:00,CAISO,hourly,DAM
344,9.0,33.83746,2018-02-15 16:00:00+00:00,CAISO,hourly,DAM
345,10.0,27.91419,2018-02-15 17:00:00+00:00,CAISO,hourly,DAM
346,11.0,21.87546,2018-02-15 18:00:00+00:00,CAISO,hourly,DAM
347,12.0,19.24143,2018-02-15 19:00:00+00:00,CAISO,hourly,DAM
348,13.0,15.90824,2018-02-15 20:00:00+00:00,CAISO,hourly,DAM
349,14.0,16.17361,2018-02-15 21:00:00+00:00,CAISO,hourly,DAM
350,15.0,18.05495,2018-02-15 22:00:00+00:00,CAISO,hourly,DAM
351,16.0,21.56107,2018-02-15 23:00:00+00:00,CAISO,hourly,DAM
352,17.0,32.0135,2018-02-16 00:00:00+00:00,CAISO,hourly,DAM
353,18.0,47.51637,2018-02-16 01:00:00+00:00,CAISO,hourly,DAM
354,19.0,53.88893,2018-02-16 02:00:00+00:00,CAISO,hourly,DAM
355,20.0,50.27199,2018-02-16 03:00:00+00:00,CAISO,hourly,DAM
356,21.0,46.98983,2018-02-16 04:00:00+00:00,CAISO,hourly,DAM
357,22.0,42.35096,2018-02-16 05:00:00+00:00,CAISO,hourly,DAM
358,23.0,39.11196,2018-02-16 06:00:00+00:00,CAISO,hourly,DAM
359,24.0,34.02243,2018-02-16 07:00:00+00:00,CAISO,hourly,DAM
360,1.0,30.11319,2018-02-16 08:00:00+00:00,CAISO,hourly,DAM
361,2.0,28.19698,2018-02-16 09:00:00+00:00,CAISO,hourly,DAM
362,3.0,26.83159,2018-02-16 10:00:00+00:00,CAISO,hourly,DAM
363,4.0,26.14192,2018-02-16 11:00:00+00:00,CAISO,hourly,DAM
364,5.0,29.68727,2018-02-16 12:00:00+00:00,CAISO,hourly,DAM
365,6.0,39.04787,2018-02-16 13:00:00+00:00,CAISO,hourly,DAM
366,7.0,43.84618,2018-02-16 14:00:00+00:00,CAISO,hourly,DAM
367,8.0,39.93331,2018-02-16 15:00:00+00:00,CAISO,hourly,DAM
368,9.0,33.46525,2018-02-16 16:00:00+00:00,CAISO,hourly,DAM
369,10.0,29.43222,2018-02-16 17:00:00+00:00,CAISO,hourly,DAM
370,11.0,17.21906,2018-02-16 18:00:00+00:00,CAISO,hourly,DAM
371,12.0,16.18973,2018-02-16 19:00:00+00:00,CAISO,hourly,DAM
372,13.0,14.37196,2018-02-16 20:00:00+00:00,CAISO,hourly,DAM
373,14.0,12.45775,2018-02-16 21:00:00+00:00,CAISO,hourly,DAM
374,15.0,12.57901,2018-02-16 22:00:00+00:00,CAISO,hourly,DAM
375,16.0,19.45942,2018-02-16 23:00:00+00:00,CAISO,hourly,DAM
376,17.0,31.40133,2018-02-17 00:00:00+00:00,CAISO,hourly,DAM
377,18.0,44.91031,2018-02-17 01:00:00+00:00,CAISO,hourly,DAM
378,19.0,49.18162,2018-02-17 02:00:00+00:00,CAISO,hourly,DAM
379,20.0,46.47231,2018-02-17 03:00:00+00:00,CAISO,hourly,DAM
380,21.0,45.13842,2018-02-17 04:00:00+00:00,CAISO,hourly,DAM
381,22.0,42.0988,2018-02-17 05:00:00+00:00,CAISO,hourly,DAM
382,23.0,37.30129,2018-02-17 06:00:00+00:00,CAISO,hourly,DAM
383,24.0,34.75199,2018-02-17 07:00:00+00:00,CAISO,hourly,DAM
384,1.0,37.31983,2018-02-17 08:00:00+00:00,CAISO,hourly,DAM
385,2.0,37.18627,2018-02-17 09:00:00+00:00,CAISO,hourly,DAM
386,3.0,34.9034,2018-02-17 10:00:00+00:00,CAISO,hourly,DAM
387,4.0,33.42338,2018-02-17 11:00:00+00:00,CAISO,hourly,DAM
388,5.0,34.99164,2018-02-17 12:00:00+00:00,CAISO,hourly,DAM
389,6.0,40.76208,2018-02-17 13:00:00+00:00,CAISO,hourly,DAM
390,7.0,43.53925,2018-02-17 14:00:00+00:00,CAISO,hourly,DAM
391,8.0,35.92487,2018-02-17 15:00:00+00:00,CAISO,hourly,DAM
392,9.0,22.8942,2018-02-17 16:00:00+00:00,CAISO,hourly,DAM
393,10.0,14.00005,2018-02-17 17:00:00+00:00,CAISO,hourly,DAM
394,11.0,10.49624,2018-02-17 18:00:00+00:00,CAISO,hourly,DAM
395,12.0,7.37659,2018-02-17 19:00:00+00:00,CAISO,hourly,DAM
396,13.0,6.56362,2018-02-17 20:00:00+00:00,CAISO,hourly,DAM
397,14.0,5.22093,2018-02-17 21:00:00+00:00,CAISO,hourly,DAM
398,15.0,6.65808,2018-02-17 22:00:00+00:00,CAISO,hourly,DAM
399,16.0,15.18496,2018-02-17 23:00:00+00:00,CAISO,hourly,DAM
400,17.0,27.8405,2018-02-18 00:00:00+00:00,CAISO,hourly,DAM
401,18.0,44.82343,2018-02-18 01:00:00+00:00,CAISO,hourly,DAM
402,19.0,52.03295,2018-02-18 02:00:00+00:00,CAISO,hourly,DAM
403,20.0,44.40336,2018-02-18 03:00:00+00:00,CAISO,hourly,DAM
404,21.0,42.67409,2018-02-18 04:00:00+00:00,CAISO,hourly,DAM
405,22.0,39.08158,2018-02-18 05:00:00+00:00,CAISO,hourly,DAM
406,23.0,36.83307,2018-02-18 06:00:00+00:00,CAISO,hourly,DAM
407,24.0,33.3745,2018-02-18 07:00:00+00:00,CAISO,hourly,DAM
408,1.0,35.65932,2018-02-18 08:00:00+00:00,CAISO,hourly,DAM
409,2.0,31.70721,2018-02-18 09:00:00+00:00,CAISO,hourly,DAM
410,3.0,28.21191,2018-02-18 10:00:00+00:00,CAISO,hourly,DAM
411,4.0,26.77601,2018-02-18 11:00:00+00:00,CAISO,hourly,DAM
412,5.0,26.79271,2018-02-18 12:00:00+00:00,CAISO,hourly,DAM
413,6.0,31.73273,2018-02-18 13:00:00+00:00,CAISO,hourly,DAM
414,7.0,34.29238,2018-02-18 14:00:00+00:00,CAISO,hourly,DAM
415,8.0,27.46533,2018-02-18 15:00:00+00:00,CAISO,hourly,DAM
416,9.0,15.8297,2018-02-18 16:00:00+00:00,CAISO,hourly,DAM
417,10.0,5.42727,2018-02-18 17:00:00+00:00,CAISO,hourly,DAM
418,11.0,-0.13235,2018-02-18 18:00:00+00:00,CAISO,hourly,DAM
419,12.0,-0.24946,2018-02-18 19:00:00+00:00,CAISO,hourly,DAM
420,13.0,-0.1314,2018-02-18 20:00:00+00:00,CAISO,hourly,DAM
421,14.0,-0.06478,2018-02-18 21:00:00+00:00,CAISO,hourly,DAM
422,15.0,-0.24296,2018-02-18 22:00:00+00:00,CAISO,hourly,DAM
423,16.0,3.26532,2018-02-18 23:00:00+00:00,CAISO,hourly,DAM
424,17.0,23.66305,2018-02-19 00:00:00+00:00,CAISO,hourly,DAM
425,18.0,40.75347,2018-02-19 01:00:00+00:00,CAISO,hourly,DAM
426,19.0,47.80279,2018-02-19 02:00:00+00:00,CAISO,hourly,DAM
427,20.0,46.75789,2018-02-19 03:00:00+00:00,CAISO,hourly,DAM
428,21.0,43.58183,2018-02-19 04:00:00+00:00,CAISO,hourly,DAM
429,22.0,39.56004,2018-02-19 05:00:00+00:00,CAISO,hourly,DAM
430,23.0,35.09294,2018-02-19 06:00:00+00:00,CAISO,hourly,DAM
431,24.0,31.43864,2018-02-19 07:00:00+00:00,CAISO,hourly,DAM
432,1.0,35.68855,2018-02-19 08:00:00+00:00,CAISO,hourly,DAM
433,2.0,33.45946,2018-02-19 09:00:00+00:00,CAISO,hourly,DAM
434,3.0,28.70867,2018-02-19 10:00:00+00:00,CAISO,hourly,DAM
435,4.0,28.40771,2018-02-19 11:00:00+00:00,CAISO,hourly,DAM
436,5.0,32.15705,2018-02-19 12:00:00+00:00,CAISO,hourly,DAM
437,6.0,35.78069,2018-02-19 13:00:00+00:00,CAISO,hourly,DAM
438,7.0,55.99844,2018-02-19 14:00:00+00:00,CAISO,hourly,DAM
439,8.0,47.84201,2018-02-19 15:00:00+00:00,CAISO,hourly,DAM
440,9.0,32.68858,2018-02-19 16:00:00+00:00,CAISO,hourly,DAM
441,10.0,26.19323,2018-02-19 17:00:00+00:00,CAISO,hourly,DAM
442,11.0,20.38874,2018-02-19 18:00:00+00:00,CAISO,hourly,DAM
443,12.0,14.90683,2018-02-19 19:00:00+00:00,CAISO,hourly,DAM
444,13.0,13.74732,2018-02-19 20:00:00+00:00,CAISO,hourly,DAM
445,14.0,12.72785,2018-02-19 21:00:00+00:00,CAISO,hourly,DAM
446,15.0,13.75344,2018-02-19 22:00:00+00:00,CAISO,hourly,DAM
447,16.0,21.11119,2018-02-19 23:00:00+00:00,CAISO,hourly,DAM
448,17.0,35.03413,2018-02-20 00:00:00+00:00,CAISO,hourly,DAM
449,18.0,49.68107,2018-02-20 01:00:00+00:00,CAISO,hourly,DAM
450,19.0,68.28014,2018-02-20 02:00:00+00:00,CAISO,hourly,DAM
451,20.0,57.74574,2018-02-20 03:00:00+00:00,CAISO,hourly,DAM
452,21.0,54.68721,2018-02-20 04:00:00+00:00,CAISO,hourly,DAM
453,22.0,46.59306,2018-02-20 05:00:00+00:00,CAISO,hourly,DAM
454,23.0,38.19128,2018-02-20 06:00:00+00:00,CAISO,hourly,DAM
455,24.0,37.05261,2018-02-20 07:00:00+00:00,CAISO,hourly,DAM
456,1.0,39.70159,2018-02-20 08:00:00+00:00,CAISO,hourly,DAM
457,2.0,35.3792,2018-02-20 09:00:00+00:00,CAISO,hourly,DAM
458,3.0,35.32149,2018-02-20 10:00:00+00:00,CAISO,hourly,DAM
459,4.0,35.91412,2018-02-20 11:00:00+00:00,CAISO,hourly,DAM
460,5.0,40.58737,2018-02-20 12:00:00+00:00,CAISO,hourly,DAM
461,6.0,49.0894,2018-02-20 13:00:00+00:00,CAISO,hourly,DAM
462,7.0,72.85523,2018-02-20 14:00:00+00:00,CAISO,hourly,DAM
463,8.0,56.49,2018-02-20 15:00:00+00:00,CAISO,hourly,DAM
464,9.0,41.3331,2018-02-20 16:00:00+00:00,CAISO,hourly,DAM
465,10.0,33.03021,2018-02-20 17:00:00+00:00,CAISO,hourly,DAM
466,11.0,23.83853,2018-02-20 18:00:00+00:00,CAISO,hourly,DAM
467,12.0,22.03327,2018-02-20 19:00:00+00:00,CAISO,hourly,DAM
468,13.0,20.63647,2018-02-20 20:00:00+00:00,CAISO,hourly,DAM
469,14.0,15.93423,2018-02-20 21:00:00+00:00,CAISO,hourly,DAM
470,15.0,16.5041,2018-02-20 22:00:00+00:00,CAISO,hourly,DAM
471,16.0,22.10996,2018-02-20 23:00:00+00:00,CAISO,hourly,DAM
472,17.0,37.432,2018-02-21 00:00:00+00:00,CAISO,hourly,DAM
473,18.0,53.57738,2018-02-21 01:00:00+00:00,CAISO,hourly,DAM
474,19.0,62.22516,2018-02-21 02:00:00+00:00,CAISO,hourly,DAM
475,20.0,70.74055,2018-02-21 03:00:00+00:00,CAISO,hourly,DAM
476,21.0,61.67358,2018-02-21 04:00:00+00:00,CAISO,hourly,DAM
477,22.0,52.19108,2018-02-21 05:00:00+00:00,CAISO,hourly,DAM
478,23.0,46.46526,2018-02-21 06:00:00+00:00,CAISO,hourly,DAM
479,24.0,41.00337,2018-02-21 07:00:00+00:00,CAISO,hourly,DAM
480,1.0,40.32276,2018-02-21 08:00:00+00:00,CAISO,hourly,DAM
481,2.0,39.16703,2018-02-21 09:00:00+00:00,CAISO,hourly,DAM
482,3.0,46.8815,2018-02-21 10:00:00+00:00,CAISO,hourly,DAM
483,4.0,47.45349,2018-02-21 11:00:00+00:00,CAISO,hourly,DAM
484,5.0,52.35724,2018-02-21 12:00:00+00:00,CAISO,hourly,DAM
485,6.0,64.46857,2018-02-21 13:00:00+00:00,CAISO,hourly,DAM
486,7.0,94.26366,2018-02-21 14:00:00+00:00,CAISO,hourly,DAM
487,8.0,65.89096,2018-02-21 15:00:00+00:00,CAISO,hourly,DAM
488,9.0,42.13609,2018-02-21 16:00:00+00:00,CAISO,hourly,DAM
489,10.0,33.61291,2018-02-21 17:00:00+00:00,CAISO,hourly,DAM
490,11.0,28.60048,2018-02-21 18:00:00+00:00,CAISO,hourly,DAM
491,12.0,23.28065,2018-02-21 19:00:00+00:00,CAISO,hourly,DAM
492,13.0,19.88272,2018-02-21 20:00:00+00:00,CAISO,hourly,DAM
493,14.0,15.43323,2018-02-21 21:00:00+00:00,CAISO,hourly,DAM
494,15.0,19.45578,2018-02-21 22:00:00+00:00,CAISO,hourly,DAM
495,16.0,31.67084,2018-02-21 23:00:00+00:00,CAISO,hourly,DAM
496,17.0,43.10299,2018-02-22 00:00:00+00:00,CAISO,hourly,DAM
497,18.0,66.156,2018-02-22 01:00:00+00:00,CAISO,hourly,DAM
498,19.0,74.1,2018-02-22 02:00:00+00:00,CAISO,hourly,DAM
499,20.0,73.36644,2018-02-22 03:00:00+00:00,CAISO,hourly,DAM
500,21.0,68.07468,2018-02-22 04:00:00+00:00,CAISO,hourly,DAM
501,22.0,62.75955,2018-02-22 05:00:00+00:00,CAISO,hourly,DAM
502,23.0,54.79239,2018-02-22 06:00:00+00:00,CAISO,hourly,DAM
503,24.0,46.76829,2018-02-22 07:00:00+00:00,CAISO,hourly,DAM
504,1.0,45.19022,2018-02-22 08:00:00+00:00,CAISO,hourly,DAM
505,2.0,38.76843,2018-02-22 09:00:00+00:00,CAISO,hourly,DAM
506,3.0,36.99969,2018-02-22 10:00:00+00:00,CAISO,hourly,DAM
507,4.0,38.44098,2018-02-22 11:00:00+00:00,CAISO,hourly,DAM
508,5.0,43.18082,2018-02-22 12:00:00+00:00,CAISO,hourly,DAM
509,6.0,59.42494,2018-02-22 13:00:00+00:00,CAISO,hourly,DAM
510,7.0,88.46612,2018-02-22 14:00:00+00:00,CAISO,hourly,DAM
511,8.0,66.63782,2018-02-22 15:00:00+00:00,CAISO,hourly,DAM
512,9.0,41.11974,2018-02-22 16:00:00+00:00,CAISO,hourly,DAM
513,10.0,32.36399,2018-02-22 17:00:00+00:00,CAISO,hourly,DAM
514,11.0,27.08705,2018-02-22 18:00:00+00:00,CAISO,hourly,DAM
515,12.0,22.0675,2018-02-22 19:00:00+00:00,CAISO,hourly,DAM
516,13.0,14.05039,2018-02-22 20:00:00+00:00,CAISO,hourly,DAM
517,14.0,14.39509,2018-02-22 21:00:00+00:00,CAISO,hourly,DAM
518,15.0,16.78034,2018-02-22 22:00:00+00:00,CAISO,hourly,DAM
519,16.0,25.23809,2018-02-22 23:00:00+00:00,CAISO,hourly,DAM
520,17.0,42.78993,2018-02-23 00:00:00+00:00,CAISO,hourly,DAM
521,18.0,62.93991,2018-02-23 01:00:00+00:00,CAISO,hourly,DAM
522,19.0,89.65353,2018-02-23 02:00:00+00:00,CAISO,hourly,DAM
523,20.0,70.30264,2018-02-23 03:00:00+00:00,CAISO,hourly,DAM
524,21.0,65.88878,2018-02-23 04:00:00+00:00,CAISO,hourly,DAM
525,22.0,64.40476,2018-02-23 05:00:00+00:00,CAISO,hourly,DAM
526,23.0,51.71476,2018-02-23 06:00:00+00:00,CAISO,hourly,DAM
527,24.0,47.18892,2018-02-23 07:00:00+00:00,CAISO,hourly,DAM
528,1.0,37.31468,2018-02-23 08:00:00+00:00,CAISO,hourly,DAM
529,2.0,34.55756,2018-02-23 09:00:00+00:00,CAISO,hourly,DAM
530,3.0,31.21933,2018-02-23 10:00:00+00:00,CAISO,hourly,DAM
531,4.0,31.18443,2018-02-23 11:00:00+00:00,CAISO,hourly,DAM
532,5.0,35.07262,2018-02-23 12:00:00+00:00,CAISO,hourly,DAM
533,6.0,42.41161,2018-02-23 13:00:00+00:00,CAISO,hourly,DAM
534,7.0,57.72168,2018-02-23 14:00:00+00:00,CAISO,hourly,DAM
535,8.0,43.55522,2018-02-23 15:00:00+00:00,CAISO,hourly,DAM
536,9.0,29.20739,2018-02-23 16:00:00+00:00,CAISO,hourly,DAM
537,10.0,25.35424,2018-02-23 17:00:00+00:00,CAISO,hourly,DAM
538,11.0,16.57166,2018-02-23 18:00:00+00:00,CAISO,hourly,DAM
539,12.0,10.38779,2018-02-23 19:00:00+00:00,CAISO,hourly,DAM
540,13.0,5.28303,2018-02-23 20:00:00+00:00,CAISO,hourly,DAM
541,14.0,5.10567,2018-02-23 21:00:00+00:00,CAISO,hourly,DAM
542,15.0,4.30573,2018-02-23 22:00:00+00:00,CAISO,hourly,DAM
543,16.0,15.27624,2018-02-23 23:00:00+00:00,CAISO,hourly,DAM
544,17.0,28.80973,2018-02-24 00:00:00+00:00,CAISO,hourly,DAM
545,18.0,43.72377,2018-02-24 01:00:00+00:00,CAISO,hourly,DAM
546,19.0,58.80096,2018-02-24 02:00:00+00:00,CAISO,hourly,DAM
547,20.0,48.26867,2018-02-24 03:00:00+00:00,CAISO,hourly,DAM
548,21.0,47.45271,2018-02-24 04:00:00+00:00,CAISO,hourly,DAM
549,22.0,51.86291,2018-02-24 05:00:00+00:00,CAISO,hourly,DAM
550,23.0,50.88056,2018-02-24 06:00:00+00:00,CAISO,hourly,DAM
551,24.0,43.81245,2018-02-24 07:00:00+00:00,CAISO,hourly,DAM
552,1.0,40.3846,2018-02-24 08:00:00+00:00,CAISO,hourly,DAM
553,2.0,35.0638,2018-02-24 09:00:00+00:00,CAISO,hourly,DAM
554,3.0,34.99317,2018-02-24 10:00:00+00:00,CAISO,hourly,DAM
555,4.0,34.17965,2018-02-24 11:00:00+00:00,CAISO,hourly,DAM
556,5.0,35.3694,2018-02-24 12:00:00+00:00,CAISO,hourly,DAM
557,6.0,41.08684,2018-02-24 13:00:00+00:00,CAISO,hourly,DAM
558,7.0,43.67291,2018-02-24 14:00:00+00:00,CAISO,hourly,DAM
559,8.0,33.8237,2018-02-24 15:00:00+00:00,CAISO,hourly,DAM
560,9.0,26.57638,2018-02-24 16:00:00+00:00,CAISO,hourly,DAM
561,10.0,16.8681,2018-02-24 17:00:00+00:00,CAISO,hourly,DAM
562,11.0,5.58678,2018-02-24 18:00:00+00:00,CAISO,hourly,DAM
563,12.0,0.61909,2018-02-24 19:00:00+00:00,CAISO,hourly,DAM
564,13.0,-0.06387,2018-02-24 20:00:00+00:00,CAISO,hourly,DAM
565,14.0,-0.68187,2018-02-24 21:00:00+00:00,CAISO,hourly,DAM
566,15.0,-0.25546,2018-02-24 22:00:00+00:00,CAISO,hourly,DAM
567,16.0,2.82825,2018-02-24 23:00:00+00:00,CAISO,hourly,DAM
568,17.0,25.93173,2018-02-25 00:00:00+00:00,CAISO,hourly,DAM
569,18.0,43.08443,2018-02-25 01:00:00+00:00,CAISO,hourly,DAM
570,19.0,54.91779,2018-02-25 02:00:00+00:00,CAISO,hourly,DAM
571,20.0,45.38062,2018-02-25 03:00:00+00:00,CAISO,hourly,DAM
572,21.0,43.49381,2018-02-25 04:00:00+00:00,CAISO,hourly,DAM
573,22.0,43.39446,2018-02-25 05:00:00+00:00,CAISO,hourly,DAM
574,23.0,40.05637,2018-02-25 06:00:00+00:00,CAISO,hourly,DAM
575,24.0,37.57026,2018-02-25 07:00:00+00:00,CAISO,hourly,DAM
576,1.0,36.6902,2018-02-25 08:00:00+00:00,CAISO,hourly,DAM
577,2.0,33.95011,2018-02-25 09:00:00+00:00,CAISO,hourly,DAM
578,3.0,33.79511,2018-02-25 10:00:00+00:00,CAISO,hourly,DAM
579,4.0,35.39325,2018-02-25 11:00:00+00:00,CAISO,hourly,DAM
580,5.0,39.00635,2018-02-25 12:00:00+00:00,CAISO,hourly,DAM
581,6.0,43.36292,2018-02-25 13:00:00+00:00,CAISO,hourly,DAM
582,7.0,44.78754,2018-02-25 14:00:00+00:00,CAISO,hourly,DAM
583,8.0,33.59663,2018-02-25 15:00:00+00:00,CAISO,hourly,DAM
584,9.0,21.36324,2018-02-25 16:00:00+00:00,CAISO,hourly,DAM
585,10.0,7.17611,2018-02-25 17:00:00+00:00,CAISO,hourly,DAM
586,11.0,0.76843,2018-02-25 18:00:00+00:00,CAISO,hourly,DAM
587,12.0,0.16007,2018-02-25 19:00:00+00:00,CAISO,hourly,DAM
588,13.0,-0.77448,2018-02-25 20:00:00+00:00,CAISO,hourly,DAM
589,14.0,-3.74231,2018-02-25 21:00:00+00:00,CAISO,hourly,DAM
590,15.0,-0.15187,2018-02-25 22:00:00+00:00,CAISO,hourly,DAM
591,16.0,2.20462,2018-02-25 23:00:00+00:00,CAISO,hourly,DAM
592,17.0,21.94785,2018-02-26 00:00:00+00:00,CAISO,hourly,DAM
593,18.0,44.38768,2018-02-26 01:00:00+00:00,CAISO,hourly,DAM
594,19.0,63.67516,2018-02-26 02:00:00+00:00,CAISO,hourly,DAM
595,20.0,53.7574,2018-02-26 03:00:00+00:00,CAISO,hourly,DAM
596,21.0,48.41841,2018-02-26 04:00:00+00:00,CAISO,hourly,DAM
597,22.0,40.54572,2018-02-26 05:00:00+00:00,CAISO,hourly,DAM
598,23.0,37.22479,2018-02-26 06:00:00+00:00,CAISO,hourly,DAM
599,24.0,32.37829,2018-02-26 07:00:00+00:00,CAISO,hourly,DAM
600,1.0,32.59313,2018-02-26 08:00:00+00:00,CAISO,hourly,DAM
601,2.0,32.1059,2018-02-26 09:00:00+00:00,CAISO,hourly,DAM
602,3.0,28.98089,2018-02-26 10:00:00+00:00,CAISO,hourly,DAM
603,4.0,29.0461,2018-02-26 11:00:00+00:00,CAISO,hourly,DAM
604,5.0,32.17801,2018-02-26 12:00:00+00:00,CAISO,hourly,DAM
605,6.0,39.56658,2018-02-26 13:00:00+00:00,CAISO,hourly,DAM
606,7.0,56.99218,2018-02-26 14:00:00+00:00,CAISO,hourly,DAM
607,8.0,44.11395,2018-02-26 15:00:00+00:00,CAISO,hourly,DAM
608,9.0,30.92368,2018-02-26 16:00:00+00:00,CAISO,hourly,DAM
609,10.0,31.33082,2018-02-26 17:00:00+00:00,CAISO,hourly,DAM
610,11.0,31.74508,2018-02-26 18:00:00+00:00,CAISO,hourly,DAM
611,12.0,28.77925,2018-02-26 19:00:00+00:00,CAISO,hourly,DAM
612,13.0,29.43973,2018-02-26 20:00:00+00:00,CAISO,hourly,DAM
613,14.0,28.33941,2018-02-26 21:00:00+00:00,CAISO,hourly,DAM
614,15.0,31.11962,2018-02-26 22:00:00+00:00,CAISO,hourly,DAM
615,16.0,29.59866,2018-02-26 23:00:00+00:00,CAISO,hourly,DAM
616,17.0,32.6699,2018-02-27 00:00:00+00:00,CAISO,hourly,DAM
617,18.0,44.83256,2018-02-27 01:00:00+00:00,CAISO,hourly,DAM
618,19.0,71.8184,2018-02-27 02:00:00+00:00,CAISO,hourly,DAM
619,20.0,60.06197,2018-02-27 03:00:00+00:00,CAISO,hourly,DAM
620,21.0,54.04876,2018-02-27 04:00:00+00:00,CAISO,hourly,DAM
621,22.0,45.69335,2018-02-27 05:00:00+00:00,CAISO,hourly,DAM
622,23.0,39.12533,2018-02-27 06:00:00+00:00,CAISO,hourly,DAM
623,24.0,34.05175,2018-02-27 07:00:00+00:00,CAISO,hourly,DAM
624,1.0,30.67976,2018-02-27 08:00:00+00:00,CAISO,hourly,DAM
625,2.0,30.46904,2018-02-27 09:00:00+00:00,CAISO,hourly,DAM
626,3.0,28.52309,2018-02-27 10:00:00+00:00,CAISO,hourly,DAM
627,4.0,28.1961,2018-02-27 11:00:00+00:00,CAISO,hourly,DAM
628,5.0,31.70284,2018-02-27 12:00:00+00:00,CAISO,hourly,DAM
629,6.0,40.21332,2018-02-27 13:00:00+00:00,CAISO,hourly,DAM
630,7.0,60.93026,2018-02-27 14:00:00+00:00,CAISO,hourly,DAM
631,8.0,50.69274,2018-02-27 15:00:00+00:00,CAISO,hourly,DAM
632,9.0,34.62128,2018-02-27 16:00:00+00:00,CAISO,hourly,DAM
633,10.0,28.81081,2018-02-27 17:00:00+00:00,CAISO,hourly,DAM
634,11.0,23.06658,2018-02-27 18:00:00+00:00,CAISO,hourly,DAM
635,12.0,22.47313,2018-02-27 19:00:00+00:00,CAISO,hourly,DAM
636,13.0,21.2567,2018-02-27 20:00:00+00:00,CAISO,hourly,DAM
637,14.0,20.18972,2018-02-27 21:00:00+00:00,CAISO,hourly,DAM
638,15.0,24.3092,2018-02-27 22:00:00+00:00,CAISO,hourly,DAM
639,16.0,24.52613,2018-02-27 23:00:00+00:00,CAISO,hourly,DAM
640,17.0,31.28801,2018-02-28 00:00:00+00:00,CAISO,hourly,DAM
641,18.0,47.37974,2018-02-28 01:00:00+00:00,CAISO,hourly,DAM
642,19.0,62.80807,2018-02-28 02:00:00+00:00,CAISO,hourly,DAM
643,20.0,57.95421,2018-02-28 03:00:00+00:00,CAISO,hourly,DAM
644,21.0,53.38073,2018-02-28 04:00:00+00:00,CAISO,hourly,DAM
645,22.0,47.01252,2018-02-28 05:00:00+00:00,CAISO,hourly,DAM
646,23.0,36.3852,2018-02-28 06:00:00+00:00,CAISO,hourly,DAM
647,24.0,34.11969,2018-02-28 07:00:00+00:00,CAISO,hourly,DAM
648,1.0,30.69411,2018-02-28 08:00:00+00:00,CAISO,hourly,DAM
649,2.0,30.08243,2018-02-28 09:00:00+00:00,CAISO,hourly,DAM
650,3.0,28.49937,2018-02-28 10:00:00+00:00,CAISO,hourly,DAM
651,4.0,29.17743,2018-02-28 11:00:00+00:00,CAISO,hourly,DAM
652,5.0,32.42826,2018-02-28 12:00:00+00:00,CAISO,hourly,DAM
653,6.0,41.34932,2018-02-28 13:00:00+00:00,CAISO,hourly,DAM
654,7.0,58.79837,2018-02-28 14:00:00+00:00,CAISO,hourly,DAM
655,8.0,44.82946,2018-02-28 15:00:00+00:00,CAISO,hourly,DAM
656,9.0,34.50336,2018-02-28 16:00:00+00:00,CAISO,hourly,DAM
657,10.0,34.22138,2018-02-28 17:00:00+00:00,CAISO,hourly,DAM
658,11.0,31.45394,2018-02-28 18:00:00+00:00,CAISO,hourly,DAM
659,12.0,31.17681,2018-02-28 19:00:00+00:00,CAISO,hourly,DAM
660,13.0,28.44422,2018-02-28 20:00:00+00:00,CAISO,hourly,DAM
661,14.0,27.97164,2018-02-28 21:00:00+00:00,CAISO,hourly,DAM
662,15.0,29.66818,2018-02-28 22:00:00+00:00,CAISO,hourly,DAM
663,16.0,30.27001,2018-02-28 23:00:00+00:00,CAISO,hourly,DAM
664,17.0,31.86531,2018-03-01 00:00:00+00:00,CAISO,hourly,DAM
665,18.0,50.43295,2018-03-01 01:00:00+00:00,CAISO,hourly,DAM
666,19.0,82.78597,2018-03-01 02:00:00+00:00,CAISO,hourly,DAM
667,20.0,58.30008,2018-03-01 03:00:00+00:00,CAISO,hourly,DAM
668,21.0,51.7011,2018-03-01 04:00:00+00:00,CAISO,hourly,DAM
669,22.0,45.15976,2018-03-01 05:00:00+00:00,CAISO,hourly,DAM
670,23.0,40.24211,2018-03-01 06:00:00+00:00,CAISO,hourly,DAM
671,24.0,35.36558,2018-03-01 07:00:00+00:00,CAISO,hourly,DAM
